idx,time_sec,mar,ear,nose_chin
0,0.0,0.23362842598098038,0.26640040514279034,0.8794291590621509
1,0.033333,0.23315033288725995,0.2801984393655662,0.8460496959263625
2,0.066666,0.23126416627303278,0.27963099194156615,0.8577374116359711
3,0.09999899999999999,0.23598637647813117,0.2794256455178156,0.8725842496386634
4,0.133332,0.24471524291130894,0.2837349227083912,0.8793176183011887
5,0.16666499999999998,0.23493079880815657,0.3089871221192436,0.8616625513272952
6,0.19999799999999998,0.23720562441745902,0.30931890131919965,0.8846718043747933
7,0.23333099999999998,0.23547179003852628,0.3102508643588161,0.8871351949502058
8,0.266664,0.2425555067592661,0.31013592653962274,0.9071185852824032
9,0.29999699999999996,0.2272378377152876,0.3078943829845642,0.9247661759778376
10,0.33332999999999996,0.20948293286860437,0.3120780283856345,0.9504491497599441
11,0.36666299999999996,0.1877463620749884,0.33431958709874365,0.957947763703151
12,0.39999599999999996,0.18369159710968633,0.32944811605281876,0.9503925989719183
13,0.43332899999999996,0.17799820200076552,0.32947964898947324,0.9398911216507619
14,0.46666199999999997,0.17350309768402417,0.3294095029392778,0.9386243994014826
15,0.49999499999999997,0.17512164615910328,0.33700332821233264,0.9339718118578779
16,0.533328,0.17942895872775988,0.3397043746118385,0.936869952110809
17,0.566661,0.18066666727812447,0.3380100245009521,0.9332042175596943
18,0.5999939999999999,0.18459241084750314,0.3486863155578761,0.918776245219408
19,0.633327,0.18306445136342112,0.35067273869269583,0.9274106633570691
20,0.6666599999999999,0.1826393167252097,0.34355684740361603,0.9336112286134207
21,0.699993,0.18523167164932394,0.32599681012657183,0.9151528003104937
22,0.7333259999999999,0.1861172659139754,0.3147339233403703,0.9281038998935939
23,0.766659,0.1859004994997102,0.3248775287590695,0.9225043704544115
24,0.7999919999999999,0.18680666251763592,0.3133767919088597,0.901884473437133
25,0.833325,0.18981919383294565,0.3065858887963221,0.8794301039981387
26,0.8666579999999999,0.18350350096636242,0.30871477594511426,0.8667915779591544
27,0.899991,0.18511110881812265,0.31329362617648243,0.8501106743443185
28,0.9333239999999999,0.1780801642363137,0.29208637830795836,0.842354942484947
29,0.966657,0.1923206987546525,0.20663593302806882,0.8259056362929557
30,0.9999899999999999,0.1906370407101525,0.0815672557082523,0.7937256731023298
31,1.033323,0.18856469937958134,0.19877720443447544,0.838223272300878
32,1.066656,0.19115027172759458,0.22819185960074168,0.8596654372976238
33,1.0999889999999999,0.1901409640782283,0.23891468548776656,0.8985326430867071
34,1.133322,0.19419240404706492,0.26499662908895566,0.9390389036576953
35,1.166655,0.1936589628328054,0.27140571955210036,0.9553705286533142
36,1.1999879999999998,0.2105825720282642,0.2892937531350676,0.9594412586805552
37,1.233321,0.21983154407729605,0.3001079867307832,0.9810489941888955
38,1.266654,0.22313092407108615,0.3072847726547239,0.988675811056086
39,1.299987,0.22785580802990768,0.30372026156117327,0.9835132131811763
40,1.3333199999999998,0.21935817612198827,0.2933816107550745,0.9604682277621807
41,1.366653,0.22247745617533846,0.29663575457973745,0.966815717877057
42,1.399986,0.22157497966474698,0.3065181095578722,0.9679519607150849
43,1.433319,0.22800476847323697,0.30445631021533676,0.9654900811592626
44,1.4666519999999998,0.21990066572977005,0.30083762975567196,0.9676936110572955
45,1.499985,0.2255697531947863,0.299773612572187,0.9577728947794328
46,1.533318,0.22770775154534226,0.30733210702889,0.9575484668106246
47,1.566651,0.23019147698117898,0.3086250370077943,0.9579822867836791
48,1.5999839999999999,0.22571345423773354,0.30319295521972595,0.9569097424108711
49,1.633317,0.2258173451824638,0.3045840685855889,0.9484941324389649
50,1.66665,0.22228635019060247,0.30722033078311806,0.9446781191234382
51,1.699983,0.22663527869473626,0.3033228031501366,0.9425857337753859
52,1.7333159999999999,0.25309083911424773,0.30147258033451796,0.9399606512105525
53,1.766649,0.26826605644945656,0.30548531522493816,0.9541295101120246
54,1.799982,0.2802659792196161,0.3007982418241015,0.9551021428169388
55,1.8333149999999998,0.2867629057039299,0.30993539520152896,0.9491807272137138
56,1.8666479999999999,0.28572533331481553,0.30705689405170344,0.9356829579790557
57,1.899981,0.2748567810770805,0.317124509289542,0.932368470316861
58,1.933314,0.28164086044540976,0.30682693374031933,0.9299441803922261
59,1.9666469999999998,0.27751302640363834,0.3002135484319527,0.9159196319789571
60,1.9999799999999999,0.2991309947702033,0.3105203675490209,0.8990304752445502
61,2.0333129999999997,0.29227497367031746,0.3067656495572118,0.8905602249495738
62,2.066646,0.2919662038306449,0.3096596373750074,0.8850915194581916
63,2.099979,0.28980456612145905,0.28056959690577554,0.8866582201558042
64,2.133312,0.2815824872558692,0.15293730940214104,0.8734976881069793
65,2.166645,0.2737222243307716,0.17442337531566837,0.8124549932653667
66,2.1999779999999998,0.2760404270512376,0.2533228244412986,0.8100492552072206
67,2.233311,0.2723554089458747,0.30271108592659707,0.823237838973841
68,2.266644,0.269774275192509,0.3286183666860557,0.8566756449387503
69,2.2999769999999997,0.25676662645869264,0.3334805708126329,0.8721552550150464
70,2.33331,0.25674824118664175,0.3499868679156407,0.9341825597516478
71,2.366643,0.26771066939879445,0.3625002832952434,0.9660690577722862
72,2.3999759999999997,0.25986536984541964,0.3528395342605666,0.9750938921467286
73,2.433309,0.2602094557446711,0.3633688310937453,0.976895586861862
74,2.466642,0.26746703266266464,0.368932331545875,0.9794934296709413
75,2.499975,0.27022931487167223,0.3650177864317673,0.9889622718906528
76,2.533308,0.2612354564590792,0.36298527179045786,0.979953308975366
77,2.5666409999999997,0.25175833068172815,0.3619378428503286,0.9729337055630052
78,2.599974,0.25154194585293593,0.3609739044711406,0.9708861798057185
79,2.633307,0.2651750059952231,0.3503610405327481,0.9556290912364885
80,2.6666399999999997,0.2461213505793749,0.3191807444142505,0.9475426699060046
81,2.699973,0.22627829905329505,0.2868521870164761,0.9424084583744213
82,2.733306,0.22534429237066067,0.25095147428299514,0.9160072259077041
83,2.766639,0.185906843263273,0.25674761485966013,0.9005147878495741
84,2.799972,0.15176101706313744,0.2560570465110138,0.887522865370276
85,2.8333049999999997,0.13881163725553758,0.2433025027152385,0.8810789438673748
86,2.866638,0.11996640571404399,0.26417657111603643,0.8851034184480245
87,2.899971,0.09176695938718217,0.2625481471365344,0.8916842537009894
88,2.9333039999999997,0.09158909295476879,0.25618956944450766,0.8986412933119371
89,2.966637,0.06765206701940449,0.2502006693159602,0.8952011442264959
90,2.99997,0.044610352309733134,0.2520750048368736,0.8891653383409566
91,3.0333029999999996,0.05127561406739933,0.24460609142072598,0.8842163147348868
92,3.066636,0.04896193369773051,0.25438508641493907,0.8752070303898094
93,3.0999689999999998,0.04910745864949559,0.2518713185823118,0.8730127836842626
94,3.133302,0.048652312451180714,0.24794061618796462,0.8634360381267653
95,3.166635,0.052493665051316224,0.2480028887864707,0.8641278895503303
96,3.1999679999999997,0.048383156133358814,0.2300078093079757,0.8601298420674194
97,3.233301,0.04584292801507239,0.24743188994423232,0.8667603500745136
98,3.266634,0.04827871619680084,0.251031733374608,0.8600644153110244
99,3.2999669999999997,0.05179149700716598,0.23274597550595094,0.8633327810262298
100,3.3333,0.050476033776034206,0.24506351191762332,0.862395298348496
101,3.3666329999999998,0.04708755786642279,0.22889880096771525,0.8494933106518633
102,3.399966,0.053000121464070224,0.22296673706211362,0.8509568356100415
103,3.433299,0.05806669990677478,0.22752637421148159,0.8351727115860543
104,3.4666319999999997,0.057944712932212185,0.24756910608794852,0.833976028455892
105,3.499965,0.06276920563815504,0.26185683870418486,0.8194381319075481
106,3.533298,0.0615983617546252,0.26259176486941116,0.8049285551126291
107,3.5666309999999997,0.06210046140332326,0.26676602725391957,0.8170344778282188
108,3.599964,0.06198915809710124,0.26879868044111677,0.8137015376541211
109,3.6332969999999998,0.05983484125266276,0.272328657082886,0.8193744852488617
110,3.6666299999999996,0.06328783785802944,0.26552912357940783,0.8086164245697571
111,3.699963,0.060161123194890004,0.2662178238128095,0.8089522571014167
112,3.7332959999999997,0.06024306199580535,0.26794101008224347,0.8032157781853356
113,3.766629,0.06925312669296181,0.2622411552505446,0.8105264430304768
114,3.799962,0.07432153570590673,0.2542747723212615,0.8149348880186905
115,3.8332949999999997,0.06783641725358559,0.26514776415222274,0.8116667896545204
116,3.866628,0.06930935417357592,0.2705485491846137,0.8085157284069512
117,3.899961,0.06897001071457771,0.2656655303813382,0.8188175771703008
118,3.9332939999999996,0.06678613083296724,0.2587527780121059,0.8150983820003807
119,3.966627,0.06408919437763486,0.2622275401279241,0.8132209581445586
120,3.9999599999999997,0.07122096816689899,0.25745610101462024,0.8130934156378629
121,4.033293,0.06537660248244646,0.26236514634094377,0.8159358641301462
122,4.066625999999999,0.08049694233807997,0.2660083025721359,0.8191176657644911
123,4.099959,0.06471280516602264,0.2639766461284218,0.8274888568195539
124,4.133292,0.06331913392891692,0.26778690598404764,0.8325964587929767
125,4.166625,0.06021522828734258,0.260959006903846,0.8281861272584735
126,4.199958,0.06328652295459813,0.2510804068376533,0.8379581182727674
127,4.2332909999999995,0.05610794937295507,0.25779880982125974,0.8558912307929738
128,4.266624,0.05074719843768197,0.3011427152235022,0.8592884326203903
129,4.299957,0.04470272450349813,0.3462788436134739,0.9141731533408568
130,4.33329,0.03831378706708776,0.359410238717267,0.953633856893432
131,4.366623,0.035269498825704605,0.36699725164537145,1.0104670825699913
132,4.3999559999999995,0.04856118345082666,0.37552560026377685,1.0298425658777455
133,4.433288999999999,0.03219542530702847,0.40041652550462503,1.0892802427255412
134,4.466622,0.0426063170263265,0.41874839094968125,1.1328947955037856
135,4.499955,0.07977554412948572,0.4291946827849966,1.1565228633867721
136,4.533288,0.05024657649315205,0.42215255411492913,1.155439754943419
137,4.566621,0.07783150433636354,0.42799087542602504,1.164936198510702
138,4.599953999999999,0.06386823084977804,0.4433606120083964,1.203375350474585
139,4.633287,0.07119106090488145,0.44167591246772664,1.205562186577978
140,4.66662,0.08793119856115063,0.45138626940459226,1.2105433061333721
141,4.699953,0.11543883571717954,0.4592272095468193,1.2229221463805775
142,4.733286,0.10234692689179381,0.4441853186294089,1.2190206413566076
143,4.7666189999999995,0.1343818567624294,0.44004103884506024,1.2462292213326016
144,4.799951999999999,0.1493388682708568,0.43712147652622296,1.2603022027300308
145,4.833285,0.16130099090112057,0.44868625015561553,1.2694327105636547
146,4.866618,0.1544810159807021,0.4298875855305737,1.2424855447609082
147,4.899951,0.15179522774893575,0.4233468468905913,1.2514410912134741
148,4.933284,0.1612367780815959,0.402584555590793,1.2345566381602153
149,4.966616999999999,0.16169677233394075,0.43545695243266935,1.274568287391459
150,4.99995,0.17603328961707257,0.4107349664890173,1.2679689906561642
151,5.033283,0.19168101463223078,0.4010326663729668,1.2586341200281181
152,5.066616,0.20707890440744975,0.3900200290570449,1.26555384071995
153,5.099949,0.1850864535671819,0.3920976942231691,1.2678309715181777
154,5.1332819999999995,0.16901015760784588,0.38243841611251167,1.262950253549305
155,5.166615,0.16989469212411218,0.37765455075076215,1.2429622493484593
156,5.199948,0.12839554922782082,0.3773323205199638,1.240789109956497
157,5.233281,0.12214395217265937,0.3612659412734843,1.2161706701831807
158,5.266614,0.10108882918017272,0.3717564453623166,1.2227918146264911
159,5.2999469999999995,0.09699511400931483,0.3585602817233393,1.1817227070236203
160,5.333279999999999,0.09854630719663268,0.3797531957408468,1.1974943607596078
161,5.366613,0.10262257917413248,0.3833696280353871,1.2037218888866794
162,5.399946,0.09650100490156883,0.3739917209385831,1.1931721717495003
163,5.433279,0.10708561625563111,0.3981843832270704,1.2124821280194356
164,5.466612,0.11845209651225445,0.38381134063311584,1.2031732543558264
165,5.499944999999999,0.12315923847242581,0.37556779826169995,1.1976920371081126
166,5.533278,0.1487658893161398,0.36639342670257535,1.1869906493536218
167,5.566611,0.16275023291158933,0.3701370126728287,1.1947910370015369
168,5.599944,0.18990518485893274,0.37487517485754784,1.195205983266664
169,5.633277,0.22099476725845166,0.37088202749265264,1.1876840773670512
170,5.6666099999999995,0.24975852787128844,0.38758253512105567,1.2159568138730747
171,5.699942999999999,0.24467241388068436,0.3814475091488715,1.1968469580824712
172,5.733276,0.28970585394828985,0.38027990144566004,1.2133859629530368
173,5.766609,0.33524271293851426,0.3651143717321512,1.2068553339718173
174,5.799942,0.3592704325345902,0.23878099042412776,1.1375236874115895
175,5.8332749999999995,0.39680731198530883,0.2655677205225084,1.1119663511206912
176,5.866607999999999,0.3847272936174787,0.29875322640812535,1.1089529013719701
177,5.899941,0.39334035276272805,0.3289319975239308,1.0584022340874384
178,5.933274,0.3956073155219061,0.32296761897282483,1.0340755087837952
179,5.966607,0.4089652006307501,0.3572895375778722,1.0251072954000189
180,5.99994,0.41786526123515066,0.36360756658670745,1.0256451065525496
181,6.033272999999999,0.4294016961842521,0.34951766657879235,1.0353847342677553
182,6.066605999999999,0.4500015484935956,0.35650855610384546,1.0256981132101337
183,6.099939,0.4467885102895267,0.34526928193315015,1.0375437171257424
184,6.133272,0.4675098082668177,0.35579317524939486,1.0431709903661435
185,6.166605,0.47733102651476805,0.3521396277336486,1.0367174765156206
186,6.1999379999999995,0.4783902471854522,0.3497426339565966,1.0391228629801628
187,6.233270999999999,0.4855871780879078,0.35186291842817924,1.0399326438311494
188,6.266604,0.49003630679694354,0.3546842480933601,1.0431329617491052
189,6.299937,0.4871421553378345,0.35430381221847396,1.0428967933995992
190,6.33327,0.47881721469596206,0.35708821234773813,1.0506362999259797
191,6.366603,0.4816255206902824,0.3601909756397227,1.0565433536442599
192,6.399935999999999,0.47639288460221224,0.35889754831558174,1.054653872349854
193,6.433268999999999,0.4904263897330152,0.3578121737584148,1.0539639914310395
194,6.466602,0.47717240266913563,0.3614042818776666,1.0508526971023313
195,6.499935,0.4885397602819179,0.35749619296515567,1.0529932936309594
196,6.533268,0.48762661715512684,0.3577254834937701,1.0535884176133992
197,6.5666009999999995,0.4859465808104205,0.3613666585086972,1.0638057128187162
198,6.599933999999999,0.4960449963410971,0.361291827207505,1.0630717631670852
199,6.633267,0.4994010128616524,0.3660511957513475,1.067031569414296
200,6.6666,0.519016371102302,0.35195199633535146,1.0752451031997325
201,6.699933,0.527341899143517,0.33975831593513844,1.0711352071260165
202,6.7332659999999995,0.5259642015637285,0.3408413332655855,1.0708225156943803
203,6.766598999999999,0.5114728869329387,0.3473390795810137,1.0721875275377444
204,6.799932,0.49407810711956496,0.35276028720512603,1.0597804602211125
205,6.833265,0.48094039605698763,0.3453129669680838,1.0496597947324047
206,6.866598,0.4487872989652051,0.3454345915188435,1.031122650573945
207,6.899931,0.41834082972450665,0.3328707883672004,1.0186831898092878
208,6.933263999999999,0.4069974508980811,0.33089762462470396,1.0012829680706958
209,6.966596999999999,0.3881963754297993,0.3429311586855398,0.9908934780728195
210,6.99993,0.3310934366541614,0.3467446424181365,0.9852738278485728
211,7.033263,0.21988776352170963,0.35091022314376985,0.9677776050597813
212,7.066596,0.10125874811432699,0.3682990681607132,0.9658496373462739
213,7.0999289999999995,0.04997060562936009,0.36337107495872784,0.9630435529493122
214,7.133261999999999,0.04521279511731915,0.36013946797439234,0.9591747848316958
215,7.166595,0.04843347737848814,0.3627440624951296,0.9582120056435759
216,7.199928,0.07231171894913596,0.36199849239112203,0.9717179895003157
217,7.233261,0.16216345591447306,0.35431033130828143,0.9936830495447875
218,7.2665939999999996,0.25743369243611736,0.34794226502714654,0.9875695590975415
219,7.299926999999999,0.2919305718687883,0.34349276480429936,0.9900743857067215
220,7.333259999999999,0.3009935356193839,0.34269121995831253,0.9984136750242054
221,7.366593,0.3189158904848283,0.35316690497593106,1.0019506224924903
222,7.399926,0.3114975215310183,0.363705721533524,0.9887208434210276
223,7.433259,0.2790451249114663,0.35566534540302547,1.0107864587738358
224,7.4665919999999995,0.299733174432778,0.38244632632404674,1.0123821600499299
225,7.499924999999999,0.32871762442069724,0.3863278433418086,1.0426454128299087
226,7.533258,0.3421652132167303,0.3991666735152474,1.0708739892797954
227,7.566591,0.32457821783881835,0.39663422688991773,1.1019854007508987
228,7.599924,0.2944120182457075,0.41165363828185764,1.1111527708267044
229,7.6332569999999995,0.2544327281486095,0.3993799417394669,1.1098736602575217
230,7.666589999999999,0.2350464443218787,0.3929371550567684,1.0991520181951737
231,7.699922999999999,0.3175251357822775,0.3845792658335262,1.1004651707869557
232,7.733256,0.37436221878238063,0.3854539520820669,1.1294404001083131
233,7.766589,0.42357072344992963,0.37234733214190924,1.113895499543941
234,7.799922,0.430670262535759,0.3813776925357135,1.1012469584591666
235,7.833254999999999,0.41973773932981273,0.36791237576896785,1.0806995329482891
236,7.866587999999999,0.3651966181803634,0.36576579370079826,1.0593633709969286
237,7.899921,0.3212234647073883,0.3722032030269052,1.0478731138938264
238,7.933254,0.36830624111241594,0.37448384625123826,1.0485945716021305
239,7.966587,0.4139401806046667,0.3884045109232549,1.0866294768587563
240,7.9999199999999995,0.48550120365819294,0.39857523444605203,1.104872044626958
241,8.033253,0.4866376181824329,0.3997280669079035,1.1239485097029203
242,8.066586,0.3230282498012771,0.40801594910061106,1.115571862722559
243,8.099919,0.10334539870738907,0.3987407242268226,1.0878352287522406
244,8.133251999999999,0.035815065955682956,0.4079543479725856,1.0750188147046287
245,8.166585,0.03729797549259632,0.4191006398452326,1.0906997583949538
246,8.199918,0.039202299275549336,0.4142346963256273,1.0715715235303875
247,8.233251,0.07438478811477905,0.41133691861541294,1.0648923057738369
248,8.266584,0.14816408526290023,0.40306793937542773,1.0772870192738262
249,8.299916999999999,0.17498978377210744,0.38956650923154257,1.0930445432279658
250,8.33325,0.29185133267958013,0.4064757341078563,1.0841193493471721
251,8.366583,0.3176279458058498,0.4023046463890389,1.0867435730138297
252,8.399916,0.3471996653517863,0.41293685837310634,1.0967097274041728
253,8.433249,0.37638379554861096,0.4045479088348608,1.1009656803759498
254,8.466581999999999,0.38350194738024085,0.39922217727906395,1.093467159859129
255,8.499915,0.3783461544187738,0.3915277639375679,1.0758682980726033
256,8.533248,0.38142002130736136,0.38148289211466946,1.0788633155910268
257,8.566581,0.383359094954423,0.38924914889217993,1.0856732120943031
258,8.599914,0.3709876636097587,0.37828139652157167,1.0827933309272915
259,8.633246999999999,0.40224579423633294,0.3888470031670028,1.0744964178405185
260,8.66658,0.3856752012959286,0.3755979339147192,1.0635235764665796
261,8.699912999999999,0.40517337640035084,0.3683950158740607,1.051112443811569
262,8.733246,0.4191988000027005,0.36609421439205025,1.046675829940306
263,8.766579,0.3907593733788178,0.3694608260073885,1.0446344152247662
264,8.799911999999999,0.3721575689116138,0.3622421268957391,1.020610174540599
265,8.833245,0.32146157703180045,0.360379272747559,1.012137992458801
266,8.866577999999999,0.29233061496111,0.36420730977950605,1.009282057509756
267,8.899911,0.2581344973599347,0.35413480119010743,1.0177608553304525
268,8.933244,0.2536656455135784,0.36330640250490853,0.9974161705032915
269,8.966577,0.23400055490656302,0.3687417287447864,1.0084825682792191
270,8.99991,0.19097542071954107,0.3821122045230686,1.0042399819526586
271,9.033242999999999,0.174819245479259,0.3991402657001944,1.032815389808602
272,9.066576,0.20513867146183729,0.41563811447896853,1.0466200440296183
273,9.099909,0.28221604117207716,0.4196139640372371,1.085767001458011
274,9.133242,0.3444904347757861,0.4127003948145293,1.1262423575767235
275,9.166575,0.40332286628645625,0.42145135606120254,1.2034880544368616
276,9.199907999999999,0.41359883783321094,0.4147523073532835,1.2079258149948096
277,9.233241,0.36077743307101184,0.44509212902557244,1.234312468885365
278,9.266574,0.3035600628932741,0.4756339436574535,1.2250259408895758
279,9.299907,0.21906906741267923,0.4765401769827996,1.2797061495021438
280,9.33324,0.23669678543867173,0.4928754292015092,1.2886912964547044
281,9.366572999999999,0.3024606083995534,0.5108406572255723,1.270591092317928
282,9.399906,0.2025464421582714,0.5126113016044797,1.2460012230178772
283,9.433239,0.14964414570018963,0.49004387545118977,1.1832388946989512
284,9.466572,0.10102320369586959,0.49316197211343793,1.1611712052705545
285,9.499905,0.13348279415757755,0.47242354835444134,1.1434405141993085
286,9.533237999999999,0.2646639215920343,0.4695724297917283,1.1371615429038489
287,9.566571,0.3214255821734463,0.45447017912806686,1.142079506317146
288,9.599903999999999,0.3203122877146428,0.476172555327551,1.1292973805181818
289,9.633237,0.2988667739373083,0.4633471181287918,1.125289935819664
290,9.66657,0.2821549335573504,0.4540806768254527,1.115817080284775
291,9.699902999999999,0.27156309901874015,0.4770866274194283,1.1128689813293147
292,9.733236,0.3104652623702662,0.4851473086368356,1.159062300502181
293,9.766568999999999,0.36476120553869373,0.4724160377467738,1.151173299604818
294,9.799902,0.3991958106617999,0.458165554688398,1.1911833965512526
295,9.833235,0.41264152422666056,0.4441349383290579,1.2073239356519045
296,9.866568,0.342120483187949,0.45564556271750534,1.1975160989644715
297,9.899901,0.1660885554488161,0.4675826745121504,1.1368155917527816
298,9.933233999999999,0.04009903408799157,0.4443602429928395,1.100176876035759
299,9.966567,0.034988106032068984,0.4450894554051636,1.092897412974626
300,9.9999,0.03534441915262133,0.4506478097772882,1.0961647818729963
301,10.033233,0.034754125511779956,0.4584855167804073,1.1020747409271734
302,10.066566,0.03708851318716784,0.4595838529734478,1.0971806804860675
303,10.099898999999999,0.05738743141238076,0.4575819392038046,1.1014757297083044
304,10.133232,0.07411871824016505,0.4563907965587876,1.1040857976418912
305,10.166565,0.12625828731062078,0.45609069071281977,1.1075602470081347
306,10.199898,0.1633392706687089,0.45206302509456275,1.114162246690311
307,10.233231,0.1960584766126559,0.45527122293393796,1.1180704715122147
308,10.266563999999999,0.21634348126860273,0.4487324592112275,1.1248126728348338
309,10.299897,0.22248711225917034,0.44319321638162223,1.1312339933143791
310,10.33323,0.22674118253082715,0.44622343193576425,1.134266923319381
311,10.366563,0.22531192208023365,0.44987228833693405,1.1551352377068531
312,10.399896,0.22437941367498293,0.44083697249387066,1.16698694454816
313,10.433228999999999,0.235145780929188,0.43325006792911963,1.1464461142788005
314,10.466562,0.23263654338771875,0.43812899252149035,1.1765017319692106
315,10.499894999999999,0.2350885747114187,0.44162220329116364,1.1747644001113315
316,10.533228,0.22796191718157335,0.4230476693414742,1.1707545993889743
317,10.566561,0.22602894526746367,0.420267717114957,1.1651583287563771
318,10.599893999999999,0.22394039018576575,0.4224860840423221,1.1724418039669162
319,10.633227,0.22652543959848556,0.39741146274462485,1.145533538302591
320,10.666559999999999,0.2402430469769828,0.40499332430222235,1.1374987065095659
321,10.699893,0.24156577440172658,0.40866619786160296,1.1372062619669452
322,10.733226,0.23925323633419976,0.3970730228630197,1.1475884506792406
323,10.766558999999999,0.23750821823202367,0.3941711861862835,1.1331593326453755
324,10.799892,0.23962652803673476,0.3914762554330977,1.1243467952986512
325,10.833224999999999,0.24807842490603696,0.38625761712619544,1.118484845362273
326,10.866558,0.2473984135917672,0.39105312897310446,1.1159603506962588
327,10.899891,0.25498567903072655,0.39316754350792216,1.1435707400118602
328,10.933224,0.25113098877052337,0.3686817140921055,1.1574623298255686
329,10.966557,0.24611807063935745,0.3052314535750988,1.1445349110673444
330,10.999889999999999,0.25921893169422705,0.12882123353945427,1.046978572410793
331,11.033223,0.24889442466460282,0.09745329801464812,0.9880121431607779
332,11.066556,0.2508224021513838,0.10301732901913171,0.9506132250753241
333,11.099889,0.2385045285052893,0.13563632387670968,0.875074927329014
334,11.133222,0.23506039091512881,0.17903125561496763,0.8449099204951999
335,11.166554999999999,0.23777435830642613,0.20044618530084746,0.8381308012118049
336,11.199888,0.2371485188388757,0.2348097627198838,0.8405114384447716
337,11.233220999999999,0.2503063121479805,0.25741866468196656,0.8542504119313782
338,11.266554,0.25191097024682274,0.26192492988684724,0.8956065070356269
339,11.299887,0.2645640238527403,0.278529303079635,0.9200784770713557
340,11.333219999999999,0.2727467090453473,0.3022639416577886,0.9305343961362729
341,11.366553,0.2830431894717231,0.2942057067273146,0.9396643477968318
342,11.399885999999999,0.29004259129507,0.3145207760756442,0.9518589077183853
343,11.433219,0.29029834133693433,0.31662613477371204,0.9669294828759626
344,11.466552,0.29372782184230406,0.30735570869321693,0.9585834439635121
345,11.499884999999999,0.30424615591727755,0.3105267324624136,0.9601988580452812
346,11.533218,0.2999081380045829,0.30262758304971693,0.9535215260090474
347,11.566550999999999,0.30477214099711725,0.30888399867243244,0.9571433968791725
348,11.599884,0.30431138658575374,0.3029018560666942,0.9660609702248546
349,11.633217,0.3115174031018384,0.3073212583376267,0.9613550693973876
350,11.666549999999999,0.31290563124701043,0.3105559164308299,0.977287566897116
351,11.699883,0.3341749441164253,0.3098027486791568,0.9831046476386209
352,11.733215999999999,0.32775893990209337,0.3229449382914814,0.9816140880252802
353,11.766549,0.3444295757523137,0.31940547951767495,0.9799247822573603
354,11.799882,0.3457384072155544,0.32417833861665324,0.9850504451096604
355,11.833215,0.35515103374952434,0.32061012787629356,0.9861410056822796
356,11.866548,0.35209125612897,0.3173190426831215,0.9853365706353386
357,11.899880999999999,0.35764620168693184,0.3283023107357178,0.978720648006264
358,11.933214,0.3598483187248149,0.32943478599409903,0.974329378535289
359,11.966547,0.361938646683006,0.3422670941540322,0.9737209998702588
360,11.99988,0.3329343728579976,0.33763010342393984,0.9684653549663343
361,12.033213,0.3237863307388291,0.31525759810955284,0.9478523350714986
362,12.066545999999999,0.3131848956253298,0.3036738657829675,0.9210344208887863
363,12.099879,0.3269803472919401,0.31363082207285764,0.9293328933914689
364,12.133211999999999,0.3013163956731476,0.31627185144325287,0.9254407163301939
365,12.166545,0.2960201265448522,0.3184189919050542,0.9215328384650845
366,12.199878,0.3001538479416361,0.314786459422298,0.9140052514125819
367,12.233210999999999,0.3005852494116342,0.318658204906514,0.9223782791236413
368,12.266544,0.2974458324127046,0.3153418814188543,0.915994166968085
369,12.299876999999999,0.28865122207164473,0.32637617236388783,0.9117346846865784
370,12.33321,0.28202466237701546,0.31765559754430023,0.9191353273537314
371,12.366543,0.2822000254396017,0.3259758802946864,0.9195512290934598
372,12.399875999999999,0.2856593317987368,0.32631752296279637,0.9248162374605399
373,12.433209,0.2851995135170867,0.3260691188489888,0.9139739459870428
374,12.466541999999999,0.28192471861166535,0.3304217268472036,0.9179820994091202
375,12.499875,0.2774207297950551,0.3297462623612966,0.914996244918543
376,12.533208,0.2730808682299947,0.32873296461408485,0.9140004345545271
377,12.566540999999999,0.2706819337694187,0.3354857053641118,0.9128673161120473
378,12.599874,0.267638068747073,0.33904078868372833,0.90218455405219
379,12.633206999999999,0.26572350469394934,0.3438125353109659,0.9226497056636225
380,12.66654,0.25423501453520914,0.2944158978619293,0.9066837140706744
381,12.699873,0.23156483331570282,0.1437809376419215,0.8487549571797749
382,12.733206,0.22172845185582354,0.08871548050553954,0.8235660249276966
383,12.766539,0.21627350347944072,0.11467836690490954,0.7417780302319577
384,12.799871999999999,0.21500770164633493,0.2390353085077564,0.7589600617241612
385,12.833205,0.20564931042818382,0.2957006318959818,0.7721326024302373
386,12.866537999999998,0.20709115062207964,0.32965522454239693,0.8403116307831756
387,12.899871,0.2283365305512508,0.3529824382934229,0.906844428750728
388,12.933204,0.264349488472677,0.39919015571812105,0.9929451724670575
389,12.966536999999999,0.26357918045076445,0.41978535371726283,1.105558840154361
390,12.99987,0.2869758283430465,0.4261356170960781,1.1870855213263884
391,13.033202999999999,0.28570428224201017,0.44727435386742564,1.2395911112517735
392,13.066536,0.3076420447529468,0.4778178634662086,1.24701831807825
393,13.099869,0.3563193570625826,0.49699231702104313,1.2610120232962472
394,13.133201999999999,0.3473679675628106,0.47742381368640097,1.2378272541167488
395,13.166535,0.41944964273258994,0.4391136584465358,1.2122732121635609
396,13.199867999999999,0.4590557224142879,0.4447974490989304,1.2218666033551613
397,13.233201,0.5134361101216048,0.44258405921654653,1.2310549256966181
398,13.266534,0.49764390413798903,0.4401671525212716,1.2120883696073357
399,13.299866999999999,0.5053402909239542,0.4481136981331427,1.2145986381257599
400,13.3332,0.5266360826353526,0.44400655563830355,1.2063465236068394
401,13.366532999999999,0.5321103933288001,0.44275479413963975,1.216412483778729
402,13.399866,0.5446621393289836,0.44059384895992293,1.1966534031836804
403,13.433199,0.5800438286953202,0.44760828051192936,1.2154296706169334
404,13.466531999999999,0.5754094740596511,0.4208955250970717,1.2039156151597046
405,13.499865,0.5768968070966396,0.43083446577880935,1.2001719414665382
406,13.533197999999999,0.5801908725665936,0.44511560197988975,1.2241219849078797
407,13.566531,0.5799864108909115,0.4325657402188042,1.2221158708413702
408,13.599864,0.5815068487815364,0.44973985001747424,1.2413053492715953
409,13.633197,0.561904302000496,0.4458945467834002,1.2240977272299927
410,13.66653,0.5652343766253096,0.45042299626429827,1.2331438080778625
411,13.699862999999999,0.5010431114372961,0.44053591384318547,1.231685608428548
412,13.733196,0.40800721668053724,0.43855515876562434,1.1959506498815309
413,13.766528999999998,0.15119366080098123,0.44649913745663533,1.1558857402145246
414,13.799862,0.027746298791664827,0.4427553058451007,1.1524363679812788
415,13.833195,0.03141730541650165,0.4179312611338051,1.1524196615663291
416,13.866527999999999,0.04780876698562347,0.3999424214869865,1.1306218599249171
417,13.899861,0.10686290755988094,0.40996529524325614,1.138654789895288
418,13.933193999999999,0.18443342366150164,0.39939077983239285,1.1366574629209527
419,13.966527,0.2712102583325426,0.39746494998028137,1.1461793450079123
420,13.99986,0.3227053503665394,0.4237603006019384,1.1431154227655684
421,14.033192999999999,0.2975280412548464,0.42437136586100715,1.1431266074113462
422,14.066526,0.1596188653477878,0.43128349949752665,1.1511030156324231
423,14.099858999999999,0.20161933598535497,0.4469254761833077,1.1484926875045964
424,14.133192,0.3310390647384956,0.4721710349097208,1.1784516836436398
425,14.166525,0.33512431990707797,0.49625678933625517,1.207099429613852
426,14.199857999999999,0.36798910407387914,0.485933146767498,1.2141906995535174
427,14.233191,0.38505474764186937,0.5106329724923153,1.266545444370671
428,14.266523999999999,0.3707789946596457,0.49959093410141164,1.2639018075565067
429,14.299857,0.3566068897132753,0.4808016464846649,1.2192560889043322
430,14.33319,0.305671080767376,0.4505323775161764,1.1999662266499538
431,14.366522999999999,0.32538282596814366,0.4433452807357614,1.190736105257219
432,14.399856,0.31437806522786726,0.46098178525256545,1.1896566690580503
433,14.433188999999999,0.3165415255927883,0.47119651416286656,1.2158166544710562
434,14.466522,0.3136869258168248,0.472088532158608,1.2409392797429815
435,14.499854999999998,0.31236065001345276,0.4649296474037527,1.2112291839921023
436,14.533187999999999,0.31114920613837116,0.46194326042791567,1.2126559004638544
437,14.566521,0.29531518757274644,0.46477133681140603,1.1905090540385403
438,14.599853999999999,0.2728315292183861,0.4587616446595406,1.159621935691335
439,14.633187,0.25367625102261254,0.4414703826276236,1.1756682906500253
440,14.666519999999998,0.2570506069135186,0.4373581238448627,1.1738627674410445
441,14.699853,0.2611764740044952,0.42051617464805835,1.1575215623208073
442,14.733186,0.27688195519519115,0.4315580214015314,1.144645813151025
443,14.766518999999999,0.27236293303204034,0.406955432841057,1.1472647639397695
444,14.799852,0.263797143505318,0.3913304876783407,1.1748677341376519
445,14.833184999999999,0.2764106492642651,0.41167595447945293,1.176903978528727
446,14.866518,0.2761298609004674,0.41227188765689493,1.1815836506298196
447,14.899851,0.27432118328565136,0.4067641182963996,1.163850318109262
448,14.933183999999999,0.27326962414110784,0.4078550304780629,1.1497152079908568
449,14.966517,0.26591373468103824,0.42034489036184136,1.1565181605290527
450,14.999849999999999,0.2685877538660161,0.40164545971555027,1.1702085081192422
451,15.033183,0.22835644273197733,0.3603210635237729,1.1617164191552578
452,15.066516,0.22877669179390273,0.2473363570610853,1.1139053218528294
453,15.099848999999999,0.24811120499083736,0.15925884348254032,1.0631682053294758
454,15.133182,0.2580395786392412,0.14397499549981685,1.0241419132939964
455,15.166514999999999,0.2554113379167775,0.11116690974483234,0.9896069620705734
456,15.199848,0.25202069595741877,0.10934048064749172,0.9412163142282761
457,15.233181,0.23891558882906497,0.08438392120006485,0.8768270859186792
458,15.266513999999999,0.2382406137151452,0.09111782192059747,0.8562073861902023
459,15.299847,0.24361646233827142,0.14492776044215216,0.8459388154966531
460,15.333179999999999,0.24621196274790882,0.19554121402758984,0.8553483147864356
461,15.366513,0.24383405731794494,0.23410059065495825,0.8556334494716905
462,15.399845999999998,0.24368691538988219,0.25266025222783395,0.8790681509011943
463,15.433178999999999,0.2392552548952089,0.26766021121377975,0.8958544459790583
464,15.466512,0.22809938995405804,0.258102564651981,0.8943128368855231
465,15.499844999999999,0.23333745843822415,0.23984684908454398,0.8670958510950003
466,15.533178,0.22220969479316968,0.23863775547781357,0.8399419896398996
467,15.566510999999998,0.22401680527565393,0.23762868241841742,0.8289899084561123
468,15.599844,0.22600696945359036,0.24515594542013863,0.8186991675307614
469,15.633177,0.23223647677112152,0.253459290571053,0.8191216231695765
470,15.666509999999999,0.2332537021255817,0.2620906287799851,0.8349339010362672
471,15.699843,0.2330782512862054,0.2748656343860669,0.8583215174577178
472,15.733175999999998,0.23173885185247217,0.26212466710662685,0.8633064338885128
473,15.766509,0.23348271375886995,0.2586773894825213,0.8573723455081673
474,15.799842,0.22980110262539202,0.2698507189555869,0.8597969985231216
475,15.833174999999999,0.23116501587446714,0.27884590987656466,0.8511312436578059
476,15.866508,0.2338868942633166,0.25284777767637145,0.8462429828010856
477,15.899840999999999,0.2426120616055825,0.2663277920160554,0.8642742890477388
478,15.933174,0.25401871107263474,0.2911459379371847,0.8928016540851844
479,15.966507,0.2621564378381487,0.29238823825777205,0.8962957804497638
480,15.999839999999999,0.256273149482145,0.26965652864365564,0.887705561258485
481,16.033172999999998,0.25244960167967273,0.2658897725107731,0.8830095943765854
482,16.066506,0.24553635157360518,0.2644708445346492,0.8657598292253486
483,16.099839,0.2321915465282305,0.26427189588044286,0.869063762452834
484,16.133172,0.238824564788783,0.28284004867526535,0.8752402993724715
485,16.166505,0.228982239237588,0.2843724454404939,0.8769337777759307
486,16.199838,0.2320196210358895,0.28420973121812354,0.870386097699542
487,16.233171,0.23575662444771067,0.275328482428161,0.8550979569094478
488,16.266503999999998,0.23432074451112098,0.2819378198543633,0.8433990463420935
489,16.299837,0.23042301199215642,0.28068758207389854,0.8494131146173804
490,16.33317,0.234876580067516,0.27638744817967553,0.8579200313632349
491,16.366502999999998,0.23243248727319935,0.27441636354802035,0.8588373184863227
492,16.399836,0.2435107536636294,0.20413920662417576,0.8627785991415509
493,16.433169,0.23562902866960406,0.1268985220693612,0.8514232065263291
494,16.466502,0.2623309741270093,0.07604471359611825,0.8404323072063624
495,16.499835,0.2809187248966554,0.13864876629355186,0.8800298288302029
496,16.533168,0.30400036931098273,0.2156500741974888,0.9317815933114867
497,16.566501,0.3292591987554967,0.24131761612287572,0.9575273201146283
498,16.599833999999998,0.3422206956508367,0.28891167093695247,0.9933600304582499
499,16.633167,0.3454048589934469,0.29934646906025686,1.039740353794132
500,16.6665,0.3720779234071934,0.30727891394423956,1.0702322227333423
501,16.699832999999998,0.3753229858416752,0.30495483197769124,1.0875929079736546
502,16.733166,0.39529435741957525,0.3050511039223043,1.1062619282969848
503,16.766499,0.37672478279775595,0.2963710062543042,1.0828014602919844
504,16.799832,0.3566490359915439,0.30979536925137985,1.063287349131615
505,16.833164999999997,0.3238226639381456,0.3072429341401315,1.0343382745165943
506,16.866498,0.32835495085428146,0.3077255200252637,1.0200257531182846
507,16.899831,0.330085252655009,0.3062500594101517,0.9986580830141736
508,16.933163999999998,0.3222113063702646,0.3036582612497498,1.011983264821472
509,16.966497,0.316164529143731,0.2808366759508977,0.9831492142024335
510,16.99983,0.30585026436396723,0.22125962847132535,0.9932344453894268
511,17.033163,0.29121051704686435,0.09028339965592996,0.9520018812191992
512,17.066496,0.28811984747138775,0.20438472076903058,0.9209947958197355
513,17.099829,0.2723628452438011,0.24539149109041014,0.9096778190626128
514,17.133162,0.2518100939819,0.2801625999734665,0.9004837630417479
515,17.166494999999998,0.24461339021926473,0.30523407570598815,0.9212341312275244
516,17.199828,0.2341801685765377,0.3033358936147966,0.9313679531840329
517,17.233161,0.24245464521805765,0.3188229607922971,0.9512040135454265
518,17.266493999999998,0.23950124548754073,0.3237552990415169,0.9717603400762612
519,17.299827,0.24552885209406244,0.3309260234085943,0.9645929644229461
520,17.33316,0.250887992677072,0.3355671979106486,0.9700940464233767
521,17.366493,0.24077189037752744,0.344888373008737,0.9768198332989803
522,17.399825999999997,0.2475063869488951,0.3503587166725931,0.9752623552991322
523,17.433159,0.2443883116405973,0.3331131476438608,0.9741852378058762
524,17.466492,0.24887238208138676,0.3335863646538684,0.9693323665297047
525,17.499824999999998,0.24624323896898795,0.32825304224572205,0.9667150235694043
526,17.533158,0.24020390937273542,0.33178435805631623,0.9556979513090953
527,17.566491,0.2432949662238237,0.3426154295642383,0.9365257890055122
528,17.599823999999998,0.2462716137798104,0.3262481163198986,0.9240492713107131
529,17.633157,0.23826607931848068,0.32289690737605936,0.913706761694182
530,17.66649,0.2367024137010908,0.32511351462355215,0.9056967892461633
531,17.699823,0.23646367517528205,0.3268466996325463,0.8926997582240278
532,17.733155999999997,0.23539127604426843,0.331862950430737,0.8862247612916826
533,17.766489,0.22689138683592253,0.3301711879029212,0.8831623329744686
534,17.799822,0.23550809494387695,0.3219434557282589,0.8874863684380555
535,17.833154999999998,0.2349539837673405,0.3352591452697594,0.9071863183889558
536,17.866488,0.23497230159499816,0.3403355599010629,0.9198302202124956
537,17.899821,0.22856965797558673,0.33668459419946006,0.9432461624548574
538,17.933154,0.23815131158229463,0.32680259933446765,0.9514671977330985
539,17.966487,0.26413373491119446,0.34199875656096945,0.9694692391061803
540,17.99982,0.2561333610670984,0.35548632054943197,1.0085487618127698
541,18.033153,0.2636671490087141,0.3530590062643535,1.0216317061520568
542,18.066485999999998,0.25610628325723184,0.3496492155665777,1.0299938469422358
543,18.099819,0.24004660305913114,0.3493846566387252,1.038150571503524
544,18.133152,0.22952696844090759,0.3496417897097986,1.0407848230731764
545,18.166484999999998,0.22088606019450255,0.35389684921314724,1.0442747630670275
546,18.199818,0.2067747188231169,0.3592901961614184,1.0573367978161587
547,18.233151,0.20278597655757039,0.3603075893160108,1.0379901182122535
548,18.266484,0.19718224972855877,0.3603918820542115,1.0371761427707886
549,18.299816999999997,0.19145608674307965,0.36088988307252284,1.056098964868875
550,18.33315,0.1949922837659165,0.36117580796683424,1.085664528612461
551,18.366483,0.18119502470711757,0.36582756188838794,1.1083167896192216
552,18.399815999999998,0.19270041596159482,0.39085052283616106,1.107872106083123
553,18.433149,0.19269651859318745,0.3938231589137997,1.1477633877829183
554,18.466482,0.19423688125085473,0.40288517637643684,1.2048392898004614
555,18.499814999999998,0.19412068746378397,0.4246623645528108,1.2047438126256351
556,18.533148,0.19022784678722082,0.4263205575446457,1.2313062544183808
557,18.566481,0.19985682151544717,0.4428153568720964,1.254267937982215
558,18.599814,0.196405352153308,0.4552871131270879,1.290795870967008
559,18.633146999999997,0.2099064729711085,0.4604566941120476,1.3610614954160143
560,18.66648,0.18363876010382696,0.4535759078099245,1.382388996965174
561,18.699813,0.1887533346549109,0.44940226895400953,1.3925677173954885
562,18.733145999999998,0.1842417074822273,0.42164920408102846,1.4113471483445728
563,18.766479,0.1952338008061003,0.4068682228166569,1.3755397470861643
564,18.799812,0.19174614024468078,0.3923669656298298,1.3419097937450901
565,18.833145,0.196328000125969,0.37940703099887757,1.3089285254570553
566,18.866478,0.1886828745782884,0.3820359187447227,1.3041573808429008
567,18.899811,0.17108631956125048,0.350122504831044,1.324666194293143
568,18.933144,0.1683713435719846,0.3582721064825928,1.298608334001936
569,18.966476999999998,0.1702589561602875,0.34933995162392506,1.2639623113737077
570,18.99981,0.1586673751011812,0.3500951563231864,1.2420106636451322
571,19.033143,0.14929986867048686,0.344112286855806,1.2352195092052742
572,19.066475999999998,0.17215618458314966,0.3579594580959924,1.2101524561092494
573,19.099809,0.15446269472982097,0.35354527078217324,1.2223238265127176
574,19.133142,0.15768619277660098,0.3365917309984585,1.2144011088815112
575,19.166475,0.14294125855851378,0.3368963869224919,1.205207839127006
576,19.199807999999997,0.15511440609024973,0.3361902370272649,1.1823663641612394
577,19.233141,0.1570238342170878,0.34568462248705345,1.1824145686521512
578,19.266474,0.16812561239955223,0.3690410060953494,1.1814555855606275
579,19.299806999999998,0.15846325733026861,0.36213270194087693,1.1554738511012363
580,19.33314,0.16474753263665312,0.3513203634709786,1.1265865441336556
581,19.366473,0.16078129686946574,0.3531668335380607,1.1088416985289091
582,19.399805999999998,0.16025776516136844,0.3521018571641207,1.1050187396435065
583,19.433139,0.15482764075596167,0.36279530029280715,1.1083950799472602
584,19.466472,0.1493791165203696,0.3722543179624336,1.1146712819331552
585,19.499805,0.1643849253152497,0.3769202666548754,1.1240785340558455
586,19.533137999999997,0.15296491897036996,0.3808096457964324,1.1067576765157148
587,19.566471,0.14921453895378478,0.3771906221751613,1.1071702490400745
588,19.599804,0.1513069711448905,0.371054074048374,1.1083204920358265
589,19.633136999999998,0.1558582875831912,0.36908713186678277,1.1107413342804997
590,19.66647,0.1615103397162164,0.3555817989587762,1.1006322876074364
591,19.699803,0.16777144260564192,0.35007793882671095,1.1080969068851927
592,19.733136,0.1655238083930256,0.3606181326671687,1.1097240414378577
593,19.766469,0.17092813498355602,0.3718395736624691,1.1236010036523423
594,19.799802,0.17873344371516628,0.36702067113206893,1.0914845981095609
595,19.833135,0.18118714673801217,0.37508902398228783,1.0961293282935214
596,19.866467999999998,0.18035364966568573,0.37497579909788814,1.1114974959286124
597,19.899801,0.1781736930789918,0.387804505500137,1.104518830889151
598,19.933134,0.17821199876383279,0.3989309907330587,1.1321659817242848
599,19.966466999999998,0.18631097504514832,0.3902286036615563,1.12499502017732
600,19.9998,0.18979650027965486,0.40222992667599955,1.1246252738258664
601,20.033133,0.19040423462236908,0.39857270228674385,1.1258354818393712
602,20.066466,0.1881294212065165,0.39189915494768657,1.1357435626994543
603,20.099798999999997,0.17762755460528695,0.3955711100801784,1.1215680201949718
604,20.133132,0.17579867068460908,0.3869694319554542,1.117752970496388
605,20.166465,0.18255377764239653,0.391682065102405,1.1193418891399278
606,20.199797999999998,0.17897680903318466,0.39261577928705055,1.099519070021825
607,20.233131,0.17407803526240195,0.35852608276704967,1.077022164889982
608,20.266464,0.17963323740782766,0.38866956573489914,1.0381645368666292
609,20.299796999999998,0.174190725372186,0.3896653684718218,0.985363765497308
610,20.33313,0.17960994258431587,0.37816945766948884,0.9474320605385904
611,20.366463,0.1739680370912502,0.3638832905349347,0.927833589895021
612,20.399796,0.16383069664222857,0.3631530419660248,0.9036005313378683
613,20.433128999999997,0.1688415197021052,0.3752791565435698,0.8872447017436065
614,20.466462,0.17026661786359595,0.3647657692297648,0.8785157604109249
615,20.499795,0.17620892651581935,0.3579895799042891,0.8663880186760735
616,20.533127999999998,0.17928720114479305,0.3652700414764726,0.8621788146441868
617,20.566461,0.17837043083533508,0.36294277442102535,0.8539076149072964
618,20.599794,0.17232191480326023,0.3663977121841576,0.8577371633598536
619,20.633126999999998,0.17772592208655327,0.3375322338920118,0.8526755516788637
620,20.66646,0.17838083784981756,0.31758660487839707,0.8378766754592248
621,20.699793,0.1836192619747328,0.30574721292765794,0.7912519680880284
622,20.733126,0.18247352792850519,0.30066997598640677,0.7579091892985644
623,20.766458999999998,0.18105492690415048,0.29581954022809037,0.745480673240418
624,20.799792,0.17959658300906084,0.3016743159967207,0.724924746795032
625,20.833125,0.1839893314976595,0.29865291903837865,0.719572964716542
626,20.866457999999998,0.20075319248116577,0.30545963588683334,0.7272484221293164
627,20.899791,0.19427549056328333,0.31233905139614465,0.7564428224414559
628,20.933124,0.20536274667734122,0.3158483761867552,0.7721134579900996
629,20.966457,0.20796481953449958,0.32699351076509936,0.7988575161007536
630,20.999789999999997,0.21672885316621035,0.33841438609765806,0.8115848260714067
631,21.033123,0.22455907087362525,0.3289441217631339,0.831166475853741
632,21.066456,0.22763069842390457,0.33059529970390605,0.8301881598816514
633,21.099788999999998,0.24513275368170004,0.31359423310092005,0.8462617615200694
634,21.133122,0.30502122430124246,0.32108253685849153,0.8609388697431114
635,21.166455,0.36748441074273475,0.3183571864110233,0.8815272170306904
636,21.199787999999998,0.4210445163057381,0.32223847931822536,0.888210801370559
637,21.233121,0.4543388302407484,0.32241535799116283,0.9103840039400776
638,21.266454,0.447229778497078,0.3237204454080276,0.9416357771157169
639,21.299787,0.46793706880248687,0.3120041973012416,0.9386160450478107
640,21.333119999999997,0.45571791092126546,0.32262171544607876,0.9437230036231391
641,21.366453,0.45627739822988006,0.32250119541615313,0.9494954763862857
642,21.399786,0.46155247376711206,0.33623582957104825,0.9496994465717346
643,21.433118999999998,0.4576511723682655,0.34765320390895865,0.9526956970980711
644,21.466452,0.4377237480300938,0.34811271542360356,0.9541744734748915
645,21.499785,0.43746070225265105,0.34850319195935897,0.9553741782377356
646,21.533117999999998,0.40124718491916733,0.35750240982997505,0.9437923428319698
647,21.566450999999997,0.36646489119894876,0.3520513346368124,0.9360334479178611
648,21.599784,0.32757641390356124,0.35444076690184523,0.9128541731880518
649,21.633117,0.27714006718102757,0.35349158056305174,0.8933885057914771
650,21.666449999999998,0.1806786324436163,0.3506113233796906,0.8641305346826451
651,21.699783,0.14067023579944793,0.35828588073547196,0.8447603853091842
652,21.733116,0.07383253838589755,0.3609451352896974,0.8294312588581866
653,21.766448999999998,0.07217561548218289,0.33665510267998566,0.8249743721636821
654,21.799782,0.07342955057639308,0.33569937143090833,0.8148364400371871
655,21.833115,0.07370561928573363,0.34620818746543736,0.8068001005153974
656,21.866448,0.09742831721069647,0.34124797591690065,0.8156372058649359
657,21.899780999999997,0.12457524220703174,0.3335356291374083,0.8364478953440114
658,21.933114,0.20454481030916813,0.33368625494624726,0.8623569883134277
659,21.966447,0.26106588546267145,0.3176973207448943,0.8733272642187532
660,21.999779999999998,0.2884043833338272,0.3095040185560074,0.886113179192588
661,22.033113,0.2896389507336186,0.3106122329314143,0.889817358120901
662,22.066446,0.28768696923582215,0.33022007683573557,0.8969599873191796
663,22.099778999999998,0.29135693166355614,0.34097709423011774,0.9087264156908557
664,22.133112,0.2997767862045575,0.3455830016253285,0.9078817769589074
665,22.166445,0.291602962903545,0.34827000194819435,0.9105379502342043
666,22.199778,0.2760154364076175,0.3336289221291186,0.908532002820598
667,22.233110999999997,0.21559572400454466,0.33430821969316876,0.9022945133031082
668,22.266444,0.07607713227350066,0.3222169682086763,0.8952192036544544
669,22.299777,0.06019694192524206,0.3368083836287965,0.8823240006839601
670,22.333109999999998,0.06261992102766487,0.3444969312747271,0.8934745662399648
671,22.366443,0.07209561361365492,0.34114629257580104,0.906926439168193
672,22.399776,0.12286254680198193,0.3298789277455395,0.9030733416782805
673,22.433108999999998,0.15974794673693649,0.33703701470288905,0.9074073796891899
674,22.466441999999997,0.24186577194149175,0.33697905760947944,0.9299122706869807
675,22.499775,0.307711963858895,0.3392605490922883,0.9354711173293754
676,22.533108,0.32528769750747605,0.33956744853879545,0.9398986154890565
677,22.566440999999998,0.33692102371534466,0.34312649448970034,0.9474596124907517
678,22.599774,0.31921225193276126,0.34400837268390233,0.974517770102205
679,22.633107,0.33375946777291204,0.3554410637233113,0.989190448469373
680,22.666439999999998,0.31576035546018466,0.36955641565085473,0.9951717424446415
681,22.699773,0.3000693266454314,0.37046430734595687,0.9973378865901703
682,22.733106,0.29095868410183273,0.3618999984927119,0.9931743837767644
683,22.766439,0.2596012978129192,0.3545822208980158,0.9786709547546395
684,22.799771999999997,0.2518926374735978,0.3521511167788842,0.9678326200289129
685,22.833105,0.22894703826129936,0.35965711134718953,0.9558565187518593
686,22.866438,0.22988516025073982,0.3607973716212115,0.9522630372077169
687,22.899770999999998,0.23459703483561095,0.35420526147448844,0.9440036935842302
688,22.933104,0.23243849419454177,0.3568594278583511,0.9456923494996823
689,22.966437,0.22705118250575934,0.3642526530438908,0.9509209357374176
690,22.999769999999998,0.2223269161230826,0.3522259976998803,0.9529857857102326
691,23.033103,0.22261416916383645,0.3591617298708967,0.9536467904526778
692,23.066436,0.21640466921226492,0.3580209492659031,0.9518401640941431
693,23.099769,0.21912805529558801,0.3580656736277015,0.9534674240715838
694,23.133101999999997,0.21494582502032167,0.3458641281470344,0.9496342037720144
695,23.166435,0.21372785116711887,0.34648981748572116,0.9490866241184426
696,23.199768,0.21364259722239068,0.3492804434478026,0.9540233961823402
697,23.233100999999998,0.20994080940174975,0.3445525587428486,0.9472514544935818
698,23.266434,0.2099808557205035,0.3399254726826894,0.9532943914712806
699,23.299767,0.20602149285286886,0.35082673534782555,0.9458514930647596
700,23.333099999999998,0.2071886426693132,0.35044779572314333,0.9390946330312429
701,23.366432999999997,0.2041093960118888,0.34589549599641817,0.9429279260033853
702,23.399766,0.20700803544100135,0.35058923377377427,0.9378916203170461
703,23.433099,0.20494057730046264,0.3459940812681498,0.941839294408834
704,23.466431999999998,0.2052087794789715,0.34731132152940414,0.9398653426175883
705,23.499765,0.19995118594952374,0.34155944573677377,0.9382908595113207
706,23.533098,0.20221245600028873,0.35242477018075424,0.9403581836769029
707,23.566430999999998,0.20402007961475102,0.3458488197738232,0.9389600788437631
708,23.599764,0.20461677355125749,0.3471499823893538,0.9402959161213646
709,23.633097,0.2012749746744311,0.3515836276395755,0.9465381096217045
710,23.66643,0.1991420017582578,0.35361144261715854,0.9404675060470385
711,23.699762999999997,0.202757509850182,0.3575362276694842,0.9483219616452728
712,23.733096,0.20030448677028193,0.3538177154018007,0.9503437197032911
713,23.766429,0.20251804770284967,0.3482272252128377,0.9537852993231482
714,23.799761999999998,0.20793700165562046,0.3440063609660225,0.9648181843397039
715,23.833095,0.1544726515551562,0.3492137977612224,0.9573143964299967
716,23.866428,0.05413303276647986,0.34801955677020613,0.9395632689786906
717,23.899760999999998,0.05200460562436154,0.35650453258581793,0.9194138171198221
718,23.933094,0.05472541827159416,0.3540074270990703,0.9247726599348347
719,23.966427,0.07043491617045551,0.36517166608119317,0.9410665610069913
720,23.99976,0.11993991411885027,0.3551616657273728,0.9448504291792287
721,24.033092999999997,0.09946332723049446,0.3538806525787418,0.9416994827005979
722,24.066426,0.1121879567811451,0.35263966134634156,0.9457447275637321
723,24.099759,0.10715390083877063,0.3548429932234197,0.9504081662084289
724,24.133091999999998,0.12193518131621527,0.3507003688729704,0.9505559262629175
725,24.166425,0.135353627992917,0.3584674989850828,0.9579264291530761
726,24.199758,0.14783514497682126,0.3651107698977163,0.9615491297197885
727,24.233090999999998,0.1338291059673813,0.37042051828684996,0.9578199316682191
728,24.266423999999997,0.1306487013355516,0.3600299291175133,0.9498096871937887
729,24.299757,0.13527467008082972,0.3673794855395194,0.9466120870645292
730,24.33309,0.1447336049946179,0.3686382850547235,0.9593384619518274
731,24.366422999999998,0.1794828927732389,0.37399560942615456,0.963888305015464
732,24.399756,0.22187852531095806,0.358872664590823,0.9609225793771184
733,24.433089,0.2572375375881111,0.362678492404598,0.9707763810472316
734,24.466421999999998,0.2658726584076331,0.3644198192162582,0.9710695613378018
735,24.499755,0.2802462682545786,0.37742932656464556,0.9901841822942887
736,24.533088,0.28943476954679453,0.3743496739869008,0.9967392075409276
737,24.566421,0.30821040502041225,0.3765715046008128,0.994070162429244
738,24.599753999999997,0.315809654700267,0.37611519585198383,0.9953745308078251
739,24.633087,0.2745362702369272,0.37195488351053196,0.9908854495240763
740,24.66642,0.13161285803782155,0.3632529203444959,0.9731614975994812
741,24.699752999999998,0.04819691141133311,0.3596303540309167,0.9593294578637537
742,24.733086,0.04335874931758918,0.3638692650291181,0.9675473619799517
743,24.766419,0.04869450411138108,0.36387861747537603,0.992599032902253
744,24.799751999999998,0.08548142060597097,0.3795230342287474,1.013956972977194
745,24.833084999999997,0.1330779436948461,0.380535118339581,1.0229410390530629
746,24.866418,0.19234566473693582,0.3824355780360099,1.04433657479463
747,24.899751,0.20672447005477187,0.38226177679504136,1.0365076411271514
748,24.933083999999997,0.20013616949860144,0.3796756501354618,1.0326971454811966
749,24.966417,0.1805051976150931,0.38050558914224375,1.0203660391214304
750,24.99975,0.17511128056928157,0.3783102691764514,1.0325891527368571
751,25.033082999999998,0.16351066379949586,0.37619057902478215,1.023548065071044
752,25.066416,0.1425720240130856,0.36539112716348043,1.0041049180587982
753,25.099749,0.11328490312391501,0.3748439214909932,0.9834266786500981
754,25.133081999999998,0.04317823967982005,0.36148439976824,0.9675097762983105
755,25.166414999999997,0.043099110749306155,0.34574401875134675,0.9819468030885639
756,25.199748,0.04154592029632777,0.3043638168989108,0.9910474076740436
757,25.233081,0.037511891440001534,0.32216488407481836,1.018334856752051
758,25.266413999999997,0.033352978393015355,0.3613700820038921,1.0672703629878266
759,25.299747,0.03239052329777259,0.3853488626035537,1.1269751204760443
760,25.33308,0.025803066367466296,0.3890087681139042,1.1745596977239041
761,25.366412999999998,0.052764521323268795,0.42828713985841316,1.2571791032240938
762,25.399746,0.062328543674878535,0.41994034019688253,1.2345452402120396
763,25.433079,0.0703007914187499,0.45262622942447706,1.3167042410214562
764,25.466412,0.11121597880159957,0.43130387318029617,1.277622657316054
765,25.499744999999997,0.10361244149261328,0.42231026082235507,1.2922381355124382
766,25.533078,0.12931428341604995,0.4104742866727583,1.224523203481609
767,25.566411,0.16890124302442439,0.42334615372969353,1.2118875859145795
768,25.599743999999998,0.17537276972714724,0.44615947807096523,1.2637467009339087
769,25.633077,0.1955777192038261,0.4395855405171041,1.2524683436827593
770,25.66641,0.13759114037765874,0.458889174585855,1.27104737617405
771,25.699742999999998,0.1597795026173035,0.4505349493043362,1.270200392651169
772,25.733075999999997,0.19564753268930415,0.4119319398317038,1.2448498053750985
773,25.766409,0.2234013000778579,0.42067127635249474,1.2626068360440386
774,25.799742,0.23737389487244692,0.43678196405845204,1.291157856581672
775,25.833074999999997,0.26574134314241776,0.4236557906711794,1.3001245206278307
776,25.866408,0.2882757262504373,0.46181832415186985,1.3344560673097199
777,25.899741,0.32795699382251753,0.45610518143656276,1.419363355707071
778,25.933073999999998,0.3443231359620617,0.43484090963250865,1.470825879213241
779,25.966407,0.35777307483164705,0.45257000627250643,1.4869436269556233
780,25.99974,0.2533332878903623,0.46292690476900333,1.5046062337369064
781,26.033072999999998,0.2240842157132427,0.45653421422704693,1.4876471530151205
782,26.066405999999997,0.1955787599073809,0.5046529933192817,1.4793972370045119
783,26.099739,0.1730114696503613,0.4733249640711883,1.452302164648023
784,26.133072,0.13072783972433571,0.5320567673769083,1.4700697839235852
785,26.166404999999997,0.12416431636157495,0.5177252842003153,1.4782104387325712
786,26.199738,0.12919625549850994,0.5248902193864959,1.4369926067503667
787,26.233071,0.16993870418828844,0.5539184178440968,1.471494541312961
788,26.266403999999998,0.20023874751101306,0.49212945198031044,1.4216447927419082
789,26.299737,0.21444584450261545,0.4857621686589647,1.3692237769440525
790,26.33307,0.21204576654503926,0.45223277254855787,1.3233659738939318
791,26.366403,0.23141334188781,0.4563766660868741,1.34308579048152
792,26.399735999999997,0.2525541816802796,0.43538872226792624,1.333513868661654
793,26.433069,0.2598786777213047,0.43495988733891355,1.3471734954406251
794,26.466402,0.2966239659729661,0.43484098651305964,1.3689202091357877
795,26.499734999999998,0.33294072834618665,0.4227105976969152,1.383649502036139
796,26.533068,0.3577457526913833,0.44694615158007023,1.4110347742981797
797,26.566401,0.39267652713358464,0.4588734203962481,1.3964303451751958
798,26.599733999999998,0.39654920482018136,0.4405101015919965,1.3736058181324653
799,26.633066999999997,0.39327317656209876,0.4448038715527098,1.370250976306442
800,26.6664,0.38298026411663333,0.44631782039602796,1.3577635402692554
801,26.699733,0.3739745212915814,0.43448961618188986,1.3578959812397544
802,26.733065999999997,0.3731981759379172,0.38232920581376933,1.306230318004606
803,26.766399,0.34697130815265315,0.3807828121632186,1.318576804726146
804,26.799732,0.32773371290843334,0.3913988262951521,1.3401260455695194
805,26.833064999999998,0.3268284454600042,0.3552393766889944,1.3320693011523534
806,26.866398,0.3396724778359536,0.3450694133629551,1.308907841006536
807,26.899731,0.31596707596937523,0.3334992253307436,1.3092982796188413
808,26.933063999999998,0.317921547468853,0.3164784529407325,1.3285313615279735
809,26.966396999999997,0.3279626272417201,0.3198838084080542,1.329678477554505
810,26.99973,0.32626291585721706,0.3391996096770078,1.319472118221617
811,27.033063,0.32532837289051203,0.32860555604091274,1.3193225535157895
812,27.066395999999997,0.32688928360065117,0.33652720930184077,1.2987353601884486
813,27.099729,0.31961425524309833,0.35685278097538226,1.3133171326853987
814,27.133062,0.30462579427424286,0.35205434228990395,1.3198353858257617
815,27.166394999999998,0.2966561399754941,0.36594647859796525,1.3416369555495424
816,27.199728,0.2963500893920653,0.34659445153938606,1.3097779639215472
817,27.233061,0.2909183579064657,0.33538800640680233,1.3045005847142015
818,27.266394,0.28728627304016846,0.32781259490864173,1.3044750094291278
819,27.299726999999997,0.2964643571940785,0.3056507744633098,1.272383832074282
820,27.33306,0.28412778622866,0.30393290557287334,1.2924744293193062
821,27.366393,0.2826517595560575,0.31361747084296976,1.3103854433142925
822,27.399725999999998,0.2754232797548698,0.3159886487666173,1.2933685555711254
823,27.433059,0.2719009741232179,0.3160134816877469,1.2803934875919771
824,27.466392,0.27920200644350207,0.2945927859222201,1.284868458390705
825,27.499724999999998,0.29186321433874624,0.3081174347198956,1.2832965955631235
826,27.533057999999997,0.3047680567064579,0.3279404425642123,1.2881386212115014
827,27.566391,0.31035924457399955,0.33148212661536036,1.312861226074455
828,27.599724,0.33311928784410133,0.3422976039628177,1.3129768956344663
829,27.633056999999997,0.35298464618878295,0.3305712080591809,1.353439314949364
830,27.66639,0.3581911856287641,0.34383073755209603,1.364864535684763
831,27.699723,0.36332674956587346,0.35731922088342744,1.3619943076960144
832,27.733055999999998,0.3816721482337748,0.3896847577538505,1.3527122318790268
833,27.766389,0.3982422669800399,0.38323602037741555,1.377690284914605
834,27.799722,0.38747567342634864,0.37405403419046535,1.3687404285867217
835,27.833054999999998,0.3896314409487646,0.36489219730262246,1.3757631425619878
836,27.866387999999997,0.3820179347940723,0.39022275370871934,1.4029295568136944
837,27.899721,0.38274128732181784,0.392465331872759,1.38178439464167
838,27.933054,0.36685303067789327,0.40271206653718683,1.3755961557785457
839,27.966386999999997,0.3618660528973126,0.41041882058882395,1.3887725561897768
840,27.99972,0.36076794208480023,0.4131108297602463,1.3616136359458562
841,28.033053,0.35655265734385383,0.4096241778730419,1.3466165801217855
842,28.066385999999998,0.3651141168075539,0.400474882085687,1.347191276585692
843,28.099719,0.34552550973398266,0.3798115099438174,1.3294078838628187
844,28.133052,0.3469897649455741,0.4103585165982234,1.3708498119387795
845,28.166385,0.3335984028033184,0.3853339740522953,1.3362071356148761
846,28.199717999999997,0.33298686239328235,0.38501911340809924,1.3298378035474745
847,28.233051,0.33040254156412063,0.393193180074007,1.3419447718964927
848,28.266384,0.32663590226230665,0.4147675120044265,1.36020604662899
849,28.299716999999998,0.33903579903144654,0.4114577358305721,1.3523509617463576
850,28.33305,0.33858818801649354,0.4306712994011347,1.3667471354065435
851,28.366383,0.3418393764310325,0.3710163053352531,1.3496284005650114
852,28.399715999999998,0.34446179892628903,0.4058845430228343,1.3896201866205566
853,28.433048999999997,0.32551077651205107,0.38239336518409145,1.3667807577145945
854,28.466382,0.3405372066979576,0.39245510953401097,1.378319672918185
855,28.499715,0.3375152334847221,0.41023678411393205,1.402663621072462
856,28.533047999999997,0.3354892679215637,0.40627441393883224,1.4130097308618979
857,28.566381,0.3340096082908772,0.4055949384094242,1.4086679756232923
858,28.599714,0.34029788520730975,0.3968915319982511,1.3947530089682938
859,28.633046999999998,0.33239156685793564,0.4099910552684734,1.4225672207000692
860,28.66638,0.33463339284456606,0.41890778668732276,1.432698339458403
861,28.699713,0.3334095043710703,0.42566374345568814,1.4080724603593773
862,28.733045999999998,0.3458681801642173,0.4219497384207845,1.412265524208671
863,28.766378999999997,0.3305048211396234,0.41919183935676363,1.4093144036423424
864,28.799712,0.3505644459997047,0.4252378727842666,1.3890455995490496
865,28.833045,0.3436537434459722,0.43476060962562535,1.4002164553064316
866,28.866377999999997,0.3530374590709155,0.4371018819696281,1.4039538587487663
867,28.899711,0.3461298139110826,0.44395748775963306,1.4114330199913843
868,28.933044,0.35848222719213974,0.4405641827405584,1.3989029066436807
869,28.966376999999998,0.34616575078246226,0.43538751066690795,1.4087663428778898
870,28.999709999999997,0.3562243925971504,0.43768992354948616,1.3923107886511112
871,29.033043,0.3583696749970344,0.436398770576145,1.3898513464382667
872,29.066375999999998,0.36715994760378595,0.435706377149856,1.3988689137003962
873,29.099708999999997,0.351076815099034,0.42840946415218084,1.418812627862015
874,29.133042,0.3422842822539252,0.41688152381541843,1.3838659540872964
875,29.166375,0.3354764969268674,0.40602703998391687,1.3700773710648324
876,29.199707999999998,0.31903268867730844,0.410531752179897,1.3830886977148478
877,29.233041,0.3067507464053852,0.40454956466863046,1.3706893780676255
878,29.266374,0.2943720213713953,0.41807721887512933,1.3491682991545564
879,29.299706999999998,0.26445482427748285,0.391709795224488,1.3608163104609212
880,29.333039999999997,0.26565003691072037,0.4304219230673476,1.3420409873521646
881,29.366373,0.2636444861404626,0.4356394279953618,1.3167369602051882
882,29.399706,0.247294500079881,0.4196886131354488,1.332003996878108
883,29.433038999999997,0.24685963839185768,0.4159716508390968,1.3402299627419754
884,29.466372,0.2575089811045981,0.3972458955640872,1.29765884515888
885,29.499705,0.23936562315120563,0.3946300851534579,1.2682962168377805
886,29.533037999999998,0.238428642200273,0.3840625766942787,1.262070263466395
887,29.566371,0.24081303012701097,0.4005157304742772,1.2555205724228888
888,29.599704,0.24641252762582141,0.38586870669899176,1.2431092581851269
889,29.633036999999998,0.24930504666910414,0.37571016576966365,1.2239769834053815
890,29.666369999999997,0.23574944940724515,0.3609032322888922,1.1663035293566946
891,29.699703,0.22788654375842615,0.3251635397970311,1.1340250093285842
892,29.733036,0.2246004176645976,0.19821729696943352,1.0548802404386037
893,29.766368999999997,0.21722699552996005,0.09838469327227653,0.9258792899659992
894,29.799702,0.20983520501261663,0.11090783738111035,0.8853737497138928
895,29.833035,0.21438319306246428,0.15577832764774208,0.8286622693105181
896,29.866367999999998,0.21859783942740674,0.18454087301186292,0.7994840490577266
897,29.899700999999997,0.2200291942157766,0.20149633055667587,0.8215080384437795
898,29.933034,0.22476087867703004,0.21331102675365687,0.8177447122957708
899,29.966366999999998,0.2226415432370151,0.21627231410766595,0.8246211638509621
900,29.999699999999997,0.21823329371164465,0.23302472328586465,0.8239639838671778
901,30.033033,0.21442647769705295,0.22434191680423704,0.818953597229623
902,30.066366,0.2180102485311681,0.22999534504067026,0.8083312656625448
903,30.099698999999998,0.2191879671910049,0.23724723938378323,0.8043069554527283
904,30.133032,0.21492958482771202,0.2415520146442813,0.8033958250580391
905,30.166365,0.20950061087795105,0.24982152517081674,0.8072402620697987
906,30.199697999999998,0.21868202840063672,0.2674963444820361,0.8048105940634342
907,30.233030999999997,0.21751873309717806,0.26620827754236354,0.8227140522072917
908,30.266364,0.21985843653911905,0.26536024596087043,0.8662046965709175
909,30.299697,0.21755854893355064,0.22456564686434666,0.8950663231673176
910,30.333029999999997,0.21585081356451943,0.27289575546836786,0.9312699943878717
911,30.366363,0.224801216043182,0.3053866377842609,0.9787753745962464
912,30.399696,0.2243329202022511,0.35342477777613157,1.0725062743929916
913,30.433028999999998,0.238035001516535,0.3811910973565952,1.1711020785825048
914,30.466362,0.2412185290364324,0.3620289863119482,1.2519037881801975
915,30.499695,0.25817188031078164,0.37822433754972473,1.3124259116696217
916,30.533027999999998,0.2500346795137355,0.3770022820124329,1.3303338294629854
917,30.566360999999997,0.25961767279445574,0.37884072975211625,1.2878125258668063
918,30.599694,0.26163229455013254,0.3627072126948212,1.251591346800273
919,30.633027,0.25634795875541194,0.3644614325516848,1.2381708448092807
920,30.666359999999997,0.25830056355295467,0.3444673425561725,1.2305776555554864
921,30.699693,0.26330913771615216,0.35485078050337837,1.222135134807483
922,30.733026,0.27055295641830557,0.3632475224940849,1.2462724350147891
923,30.766358999999998,0.26504634998169296,0.37026147335390436,1.242447679197112
924,30.799691999999997,0.2613037299545062,0.3887437071648362,1.2487431019785173
925,30.833025,0.27548849331300584,0.38169349473793446,1.208829781176053
926,30.866357999999998,0.2668804731356644,0.364440223152224,1.1950688558708185
927,30.899690999999997,0.2693676672482082,0.3504831544928034,1.1691853774870173
928,30.933024,0.2621728270446591,0.3485024418565842,1.167278478292198
929,30.966357,0.26580295075895327,0.3111873351641432,1.138620719361236
930,30.999689999999998,0.2503749695286387,0.16986489512922062,1.0002862581209864
931,31.033023,0.23952122494660366,0.09990398557721351,0.9321771048438574
932,31.066356,0.23545707268758828,0.08872003000287734,0.8472074217122553
933,31.099688999999998,0.23231165299806558,0.13495155417369692,0.796762546417248
934,31.133021999999997,0.22035948837958647,0.17447771524012162,0.7731031918038226
935,31.166355,0.23345622512526223,0.20559748218075652,0.7788710436659674
936,31.199688,0.2395828451359641,0.23166249834400526,0.8153769793953911
937,31.233020999999997,0.24806973067827284,0.2568699844180117,0.8390662044538809
938,31.266354,0.2604354659087412,0.2804751988755067,0.8919473208796742
939,31.299687,0.2727935706464287,0.2892142863614068,0.9240831936312224
940,31.333019999999998,0.2852798719112386,0.3156284097592208,0.932288613565073
941,31.366353,0.2807568810248617,0.3207314763708159,0.9202453534482797
942,31.399686,0.2721928369373517,0.325658563790192,0.9086944384418637
943,31.433018999999998,0.25700849309861945,0.2950975390976709,0.8707878221590504
944,31.466351999999997,0.260287793893623,0.29303322288764055,0.889453211203882
945,31.499685,0.2745135462063148,0.28245652055416604,0.869429300596173
946,31.533018,0.2926075332935857,0.29339111675204516,0.8935724641757032
947,31.566350999999997,0.3075198998691906,0.2881134749456239,0.9227118082174838
948,31.599684,0.34315663064769014,0.2970151705950619,0.9614712980084527
949,31.633017,0.32329958919036167,0.2974027740502424,0.937807767531368
950,31.666349999999998,0.2888631068414128,0.2969152888070189,0.9007272968265232
951,31.699682999999997,0.27070722885734205,0.29885998558401194,0.8747446665229522
952,31.733016,0.25632237430891397,0.29638564445539484,0.8548907854001696
953,31.766348999999998,0.25645666211501694,0.2500910744131225,0.8479754042789225
954,31.799681999999997,0.24360117100855894,0.1833402941450361,0.8304255733851614
955,31.833015,0.22173267501403351,0.07202782459299234,0.7893703096551417
956,31.866348,0.21211892089581597,0.13760379519721133,0.801443604729567
957,31.899680999999998,0.205368801051366,0.23729211426795754,0.8335863607658197
958,31.933014,0.20558796035741,0.29649177719947606,0.8682086138001637
959,31.966347,0.20966252305360802,0.33393383564370205,0.9176295949963141
960,31.999679999999998,0.20908599436531225,0.3552373375586244,0.9803539936136951
961,32.033013,0.21234098590933045,0.3693244099636173,1.0509713910393714
962,32.066345999999996,0.2210914151792226,0.3589054353288183,1.0906147447379864
963,32.099679,0.2172005902816613,0.3688441727751435,1.0886138403970362
964,32.133012,0.2278362758783757,0.38294090849880236,1.0783405548970015
965,32.166345,0.2310198132408729,0.39692152133005676,1.0869822164228453
966,32.199678,0.2183036910929626,0.3671879000946124,1.0779237776846986
967,32.233011,0.22741679963383857,0.3726832719022393,1.0943440266624074
968,32.266344,0.22487225143242007,0.41290025556385346,1.223784317474641
969,32.299676999999996,0.22502646990486236,0.4117664111522934,1.232549406389197
970,32.33301,0.21473408034887742,0.42555195603143714,1.3323390029388709
971,32.366343,0.2322174029160442,0.4325722698693509,1.312576327668554
972,32.399676,0.2291702199513279,0.4466962372239205,1.309178451237433
973,32.433009,0.2200638439092054,0.4256805113138037,1.283403249676883
974,32.466342,0.21348879940344337,0.4256905266804809,1.2651719294443418
975,32.499674999999996,0.21469673625931893,0.42064769443396444,1.2630740991538516
976,32.533007999999995,0.2222908603650714,0.42422111807370855,1.247957702424652
977,32.566341,0.22213639293044346,0.420821322426995,1.2526552728899933
978,32.599674,0.2173489101334316,0.4323703771500831,1.2339059309720557
979,32.633007,0.22169169267723723,0.4368302870591892,1.2433079610319293
980,32.66634,0.22345747062357219,0.41912845463793225,1.238843713923972
981,32.699673,0.20490842869110887,0.4032948471168777,1.216427957323069
982,32.733005999999996,0.20388244677037487,0.4036066214072773,1.210325273519202
983,32.766338999999995,0.21258723436284144,0.4096756259176824,1.2413940265226013
984,32.799672,0.21603988660202036,0.3977665768800247,1.222583641289305
985,32.833005,0.2238220938685402,0.3948680721145208,1.2199257241628305
986,32.866338,0.22158560120559667,0.394854379455908,1.220970556606846
987,32.899671,0.23442616880884556,0.3967940413942532,1.2329249129819835
988,32.933004,0.22337146471335206,0.38052086290226916,1.2178402900510275
989,32.966336999999996,0.2462209534677809,0.39091970079364674,1.2341216849921521
990,32.99967,0.25398583694851995,0.3877372000560512,1.2441354527857478
991,33.033003,0.27478528456319457,0.3985117559956389,1.2613569634844928
992,33.066336,0.2891020544283315,0.40212885027232015,1.282970128846486
993,33.099669,0.3271786576793155,0.4045703288610728,1.3310243589497583
994,33.133002,0.3547490386852198,0.39342936401897177,1.2813617560964496
995,33.166335,0.3641286285754912,0.39896517561637124,1.3254472330094669
996,33.199667999999996,0.4021187549577603,0.40180695875489025,1.2763743516825976
997,33.233001,0.41386183661899095,0.3942454454628124,1.3014270526780767
998,33.266334,0.40798395531541576,0.4202424673836995,1.3084655982955942
999,33.299667,0.43262706378860416,0.4086799236781965,1.3372040475881337
1000,33.333,0.4431323164615229,0.4087271830474458,1.295306277162172
1001,33.366333,0.45735891523318356,0.42264428552897404,1.3472756586867385
1002,33.399665999999996,0.48803527442272615,0.41732894267344994,1.3233918160984193
1003,33.432998999999995,0.5000053122196694,0.4191224942195457,1.3277575008305773
1004,33.466332,0.49561935791068695,0.4300033707677588,1.346472161965446
1005,33.499665,0.5175761495578098,0.41511992319516516,1.2920289609015327
1006,33.532998,0.4838999898754993,0.4350837103387651,1.3440692823772575
1007,33.566331,0.4679357035220792,0.42170560362118026,1.2905430424549749
1008,33.599664,0.46808239881432273,0.43538348313359687,1.3354905143864966
1009,33.632996999999996,0.42857848431312234,0.4235180932522471,1.3363887668282493
1010,33.666329999999995,0.42161914895511304,0.43278015954587196,1.3353180157083482
1011,33.699663,0.4381312834401036,0.4147812564467285,1.2933798361020707
1012,33.732996,0.41415838937777866,0.42813767811701264,1.3086287073671203
1013,33.766329,0.3707326102636006,0.43023579727690325,1.330299292466135
1014,33.799662,0.3276166994525628,0.4175272004557675,1.2874800925928538
1015,33.832995,0.3175644706573837,0.29518010145038887,1.3013789008480372
1016,33.866327999999996,0.27732105120498485,0.32549413686631895,1.283082776545185
1017,33.899661,0.3037420139022274,0.3833645480982118,1.3118877300742098
1018,33.932994,0.320666719046466,0.41321790748418774,1.2676235423236097
1019,33.966327,0.3044262155699965,0.42379039579529765,1.2836682404296647
1020,33.99966,0.29575220614519426,0.4355228921956851,1.2569512552031672
1021,34.032993,0.2830527033776991,0.4159684614581647,1.2452080124153115
1022,34.066326,0.26873203672485846,0.4027764308854696,1.2406866498787965
1023,34.099658999999996,0.26580872970540415,0.40675105626835373,1.238349519985133
1024,34.132992,0.24000233632717927,0.40280930054487063,1.2331025890385188
1025,34.166325,0.21450033203978847,0.3893629763974832,1.2112764077616889
1026,34.199658,0.14366815540213695,0.39306627631808977,1.2232271041088358
1027,34.232991,0.07801147363762292,0.3965821734545839,1.2179123791416573
1028,34.266324,0.025046044310726025,0.4035664047996067,1.2151486588061533
1029,34.299656999999996,0.026545467218661124,0.4065611651345245,1.1956337642333752
1030,34.332989999999995,0.02853056467638812,0.39530267968799515,1.1533353810898588
1031,34.366323,0.10268637534403302,0.3818410710263275,1.114452391738085
1032,34.399656,0.1644174055042524,0.414816081372717,1.1086781732992885
1033,34.432989,0.13073640870714187,0.40405307624068576,1.0595283683421197
1034,34.466322,0.04446880956504295,0.3943488677207345,1.0383326823527745
1035,34.499655,0.03977411382838461,0.39669173150695886,1.035348190474844
1036,34.532987999999996,0.06493938395776788,0.402934159251062,1.0195501595939884
1037,34.566320999999995,0.16384106110677643,0.40061493070973136,1.0067529156075035
1038,34.599654,0.22005361387739175,0.4071212812405439,1.0070130358847376
1039,34.632987,0.2411799039315936,0.4016386493390989,1.030011181463347
1040,34.66632,0.29899397744728023,0.40038425743206324,1.0343497768181096
1041,34.699653,0.3422801052764425,0.40681890473774673,1.0742097293481188
1042,34.732986,0.34469817275700154,0.4293487323591746,1.113595424406169
1043,34.766318999999996,0.3853615572218755,0.4204860290652105,1.1556045784240678
1044,34.799651999999995,0.3848933886172997,0.4039255490104503,1.1477413057922976
1045,34.832985,0.3933065154196465,0.3950301330161384,1.145008783244154
1046,34.866318,0.3435081754750485,0.42042594471916384,1.169787138838308
1047,34.899651,0.3247772616377368,0.4263885047650969,1.1802301782749962
1048,34.932984,0.3035089644660003,0.41901816959218974,1.1639351701506926
1049,34.966317,0.30463384995053067,0.4167929479615792,1.1572926557343683
1050,34.999649999999995,0.30533099002203085,0.4280247457466561,1.1455595282177273
1051,35.032983,0.28599474755394927,0.422467736191917,1.144105311551355
1052,35.066316,0.2987600439321952,0.4221255892343292,1.1386765808439299
1053,35.099649,0.2870667489381895,0.4109023701475368,1.132331722917728
1054,35.132982,0.2707815852127172,0.41355524253696097,1.1322747227763597
1055,35.166315,0.26378661245241475,0.40637599112929845,1.11148872980486
1056,35.199647999999996,0.2561663209330207,0.39780549761772394,1.1171171522589027
1057,35.232980999999995,0.2591676195524325,0.3956465808029035,1.1141429195001633
1058,35.266314,0.23904363258197472,0.3947032508585899,1.1131309208883575
1059,35.299647,0.22795192628030558,0.3874243531710211,1.109420143825981
1060,35.33298,0.23597667471245573,0.38329618299036994,1.123224602136976
1061,35.366313,0.22431328937000178,0.3831591410615718,1.111836796388172
1062,35.399646,0.2254042255909673,0.38966953396151965,1.134824830654427
1063,35.432978999999996,0.24018801223734132,0.39253664331953697,1.124578874611825
1064,35.466311999999995,0.23741401609459406,0.3954159377872025,1.1261786372037774
1065,35.499645,0.2364518195860162,0.3899999124113673,1.1425562730016272
1066,35.532978,0.2399133174635539,0.38213281102328023,1.1343886095557834
1067,35.566311,0.24215149410488085,0.39177576794133206,1.1457116111596612
1068,35.599644,0.24728082086251194,0.3975701421850997,1.15200135978969
1069,35.632977,0.25666835311482916,0.3838993717723509,1.1365052792613544
1070,35.666309999999996,0.2591792257979795,0.3893886651112703,1.1525271022849373
1071,35.699642999999995,0.2605865342474658,0.3618121757505625,1.1345682368323216
1072,35.732976,0.26589458189737436,0.29397985662060644,1.123878168029635
1073,35.766309,0.27430519640621254,0.1625427618497125,1.0661133031737058
1074,35.799642,0.2649087212008919,0.12087285613101023,1.0450605819930898
1075,35.832975,0.2733150828980045,0.21169356504069048,1.0388385122535937
1076,35.866308,0.272157553417374,0.24009475734996524,1.0187976600681077
1077,35.899640999999995,0.2784550645760902,0.2557239908548662,1.0151353606699023
1078,35.932974,0.2721121996188166,0.2622773972523226,1.02012784572063
1079,35.966307,0.2617374497349292,0.2566119737104924,1.0045877855825454
1080,35.99964,0.23801877724265946,0.23760856531855698,0.9754730348247717
1081,36.032973,0.23895006762306295,0.2290682516779889,0.9593374868814252
1082,36.066306,0.2234717707183191,0.24534007117294745,0.9346401498523118
1083,36.099638999999996,0.22597603074778125,0.24009772977782917,0.9226971999188301
1084,36.132971999999995,0.23142628557741887,0.252914980636464,0.9079224758065121
1085,36.166305,0.23063923893672145,0.2531131475510148,0.9011358122340487
1086,36.199638,0.2340072635654086,0.25642000206807897,0.880425371540968
1087,36.232971,0.23449680807231235,0.2646601679132091,0.8706651340998464
1088,36.266304,0.2329181749475977,0.2647705492310495,0.8619714802454728
1089,36.299637,0.23221711509274975,0.26755031976842436,0.8604184137091362
1090,36.332969999999996,0.2325196039417889,0.26832890513644714,0.8542901117688976
1091,36.366302999999995,0.23190104306136242,0.2692534187306005,0.866043446492242
1092,36.399636,0.23640525017360836,0.27476238613922743,0.8577211010584151
1093,36.432969,0.234741617871085,0.27139712545568223,0.8596995122289558
1094,36.466302,0.24183366749088292,0.2840786916640503,0.8702256738119304
1095,36.499635,0.25228859692826755,0.27206232490864735,0.9043731557287886
1096,36.532968,0.26652418306673403,0.26343884305995946,0.9324627772372064
1097,36.566300999999996,0.2814072456556733,0.26940141962333053,0.9542997019420817
1098,36.599633999999995,0.32442763455506773,0.27605812955952214,0.9932564386800148
1099,36.632967,0.3617150104558913,0.28389631218342515,1.0416732729867964
1100,36.6663,0.40502747528367633,0.27912125609861466,1.0806823036141766
1101,36.699633,0.4701415574629704,0.2900778143563538,1.1120931861451158
1102,36.732966,0.512549296370123,0.2985593535558271,1.1223367436118146
1103,36.766299,0.5238284537898638,0.3010749971124814,1.1322192270348288
1104,36.799631999999995,0.518016644080432,0.2984594436262361,1.1301873932696642
1105,36.832965,0.526071910361782,0.289041756336605,1.1391960240326642
1106,36.866298,0.5186691206717949,0.29914191313309685,1.1254276579636981
1107,36.899631,0.4673526298234273,0.3085057553922175,1.1116827848921855
1108,36.932964,0.3950007606139864,0.274688893237021,1.0538700983015095
1109,36.966297,0.33654677135721467,0.20470927030603325,0.9957448402602943
1110,36.999629999999996,0.28470876307810794,0.2154237376727976,0.9290854986446612
1111,37.032962999999995,0.26137497775490925,0.19083891493976307,0.9033367157336817
1112,37.066296,0.27435405484641817,0.21096105633029144,0.9198280633550143
1113,37.099629,0.2771175680156712,0.2281683587112851,0.9509102409944387
1114,37.132962,0.2925619902307414,0.2311551898716463,0.9593802865600648
1115,37.166295,0.30406266480964755,0.2568158723984586,0.9821837183784524
1116,37.199628,0.32905235846091807,0.2661700576611166,1.0098381414314406
1117,37.232960999999996,0.3509272102305243,0.26272875450584465,1.0357331224212882
1118,37.266293999999995,0.35733814087576315,0.2739364288134897,1.0627905235159756
1119,37.299627,0.375805883631038,0.2758585451320298,1.0813092032337797
1120,37.33296,0.41530663162760123,0.2414711428228415,1.1361923951046677
1121,37.366293,0.4191265322180499,0.23873483174921148,1.1759021021860596
1122,37.399626,0.38289123652346246,0.2470319119252269,1.2371944240847021
1123,37.432959,0.35247737081346897,0.34107504348508577,1.4589403937775338
1124,37.466291999999996,0.31678991967959996,0.2687617220748222,1.256597291830324
1125,37.499624999999995,0.3040621241928196,0.3213455879394472,1.239682906874628
1126,37.532958,0.4274412747739168,0.2983838746869354,1.4152726676889584
1128,37.599624,0.08391904458967672,0.2534642474409443,1.0915837936561879
1130,37.66629,0.5026317223622152,0.16071666931710932,1.2926617824777313
1133,37.766289,0.4045737499285465,0.2886201570546474,1.4879868296490544
1134,37.799622,0.3852914973849475,0.3920653114215641,1.626868658722817
1135,37.832955,0.3395027855773779,0.27921734218013916,1.6436743549476382
1136,37.866288,0.23768195275577883,0.20771183196409557,1.5205308275088127
1137,37.899620999999996,0.349217437977513,0.3163759067987572,1.4118135637442608
1138,37.932953999999995,0.35337288086401064,0.3443358235578899,1.476813036071437
1139,37.966287,0.3162316048226656,0.332694758850248,1.3714248919351943
1140,37.99962,0.3449063867282215,0.3575512339806218,1.4264158126948874
1141,38.032953,0.33242013013773525,0.2154580459405109,1.5396317808709443
1142,38.066286,0.3616707043060579,0.23635966645344167,1.4864739167034244
1143,38.099619,0.4668261633132013,0.29205375052679694,1.8145985679246308
1144,38.132951999999996,0.4966246874832141,0.4231720519805246,1.5372145418707481
1145,38.166284999999995,0.4944372139167495,0.3995225276952923,1.2729315877877312
1146,38.199618,0.4854676823004335,0.32069872273269956,1.273713222227511
1147,38.232951,0.5295963088761518,0.26390672519295905,1.4087652036960936
1148,38.266284,0.5260455833118227,0.2592279260536977,1.3232502446635095
1149,38.299617,0.5079171002967778,0.24828490675882126,1.2740680012301102
1150,38.33295,0.4961668689356338,0.24258049075846022,1.2681299603351077
1151,38.366282999999996,0.5062336875032356,0.2563592651388056,1.2286837113495723
1152,38.399615999999995,0.5089771878477963,0.2886623044379196,1.2472206666228436
1153,38.432949,0.5243919312390074,0.3157877815214464,1.2313971769097034
1154,38.466282,0.462129344197452,0.3351504546173241,1.2467886372493304
1155,38.499615,0.40356574267698647,0.34379485301385326,1.2384410576008829
1156,38.532948,0.3683066965627912,0.32008980978965984,1.1852858557252544
1157,38.566281,0.3364990993709866,0.3281130413162026,1.1839890481656334
1158,38.599613999999995,0.3224956401528151,0.32022821278171654,1.1796647363436765
1159,38.632947,0.31821101546289976,0.35206846906170325,1.1682259521291245
1160,38.66628,0.3074454614994412,0.34577261084076316,1.1842698235985962
1161,38.699613,0.3117071656763102,0.3383869374388314,1.184750604465185
1162,38.732946,0.2888872759747132,0.3376946531642602,1.1800957468603854
1163,38.766279,0.2817834983841203,0.3326389585351931,1.1592160182185856
1164,38.799611999999996,0.3030112582543556,0.3367844599252865,1.168795886088763
1165,38.832944999999995,0.3194303835333765,0.3273615102718621,1.1454724525606408
1166,38.866278,0.36890230278733466,0.32803262455752014,1.1331269588631492
1167,38.899611,0.4182649310960907,0.34283423116764694,1.1535824687990435
1168,38.932944,0.4329251566219053,0.352688551614254,1.1612939508074283
1169,38.966277,0.408623692719047,0.364218407913227,1.1592012144426838
1170,38.99961,0.3515501346450912,0.3394168644108857,1.1348231441193937
1171,39.032942999999996,0.2658148642205325,0.2978336866133573,1.0676070521651384
1172,39.066275999999995,0.2240641664910126,0.22988469691700303,1.0075059157900437
1173,39.099609,0.20716377369102984,0.2446614555370616,0.9666773504571429
1174,39.132942,0.23622556679910112,0.2471774286432033,0.9634324834191278
1175,39.166275,0.26252645273638736,0.23250089765966941,0.9363271448741896
1176,39.199608,0.24771633213264865,0.23095549667095766,0.9003684079048049
1177,39.232941,0.2328548265249647,0.23157433237434555,0.8779188791985528
1178,39.266273999999996,0.21178518640338923,0.24750827472495437,0.8628897354669972
1179,39.299606999999995,0.1996872643703706,0.2554369562914234,0.8576416222679022
1180,39.33294,0.19878665191430367,0.242358223762035,0.862215924699718
1181,39.366273,0.21651321269497223,0.2521688615999457,0.8667674813871168
1182,39.399606,0.23873063470974837,0.24865841822112583,0.8805995729422152
1183,39.432939,0.2493545527046518,0.2561703297592768,0.8910815461882815
1184,39.466272,0.2611874081022165,0.2586096017086299,0.9018770250730964
1185,39.499604999999995,0.26003189086178224,0.2447766889669588,0.9120763592736826
1186,39.532938,0.26128461833561295,0.1834027056133211,0.9162870447195519
1187,39.566271,0.2805524299725543,0.07477690165079925,0.9015507801196803
1188,39.599604,0.2843241610207902,0.09860559627299559,0.9040194627960569
1189,39.632937,0.27836304885231306,0.17154546050575226,0.9395089929199287
1190,39.66627,0.26964437615451675,0.21496605452725076,0.9334205368934252
1191,39.699602999999996,0.26691144328303557,0.23082674510472695,0.9378496695176062
1192,39.732935999999995,0.26733179015911795,0.23806212599002,0.9373879366162979
1193,39.766269,0.26944591599743123,0.2511460237760563,0.9372253590338748
1194,39.799602,0.25790668836662906,0.25253929926121976,0.9337373632581302
1195,39.832935,0.25522808554143966,0.26148656222636013,0.9311583122475805
1196,39.866268,0.2453373315519723,0.2485127910109452,0.9224113756387974
1197,39.899601,0.24421150463986363,0.2525781254138536,0.9108031763738426
1198,39.932933999999996,0.23453344853133362,0.25688825547499855,0.907713036274185
1199,39.966266999999995,0.23309599549412147,0.26145967585106955,0.9061902853230173
1200,39.9996,0.24162860385304855,0.2653968140262345,0.9105332389845777
1201,40.032933,0.23290075633899715,0.26802960513122676,0.9092237676135069
1202,40.066266,0.2359667767239231,0.27022777324087704,0.9061010045849044
1203,40.099599,0.22977065170633915,0.27943824882888024,0.9106300079073293
1204,40.132932,0.2318082233288478,0.27420456390870607,0.9096229145336816
1205,40.166264999999996,0.23069624263473604,0.27935542574628364,0.9042822454958942
1206,40.199597999999995,0.2285867491503443,0.2863697935677275,0.9012627191733454
1207,40.232931,0.23428868639990044,0.292049699846012,0.9015225927182127
1208,40.266264,0.2280936731465916,0.2971017262175868,0.9092908120483825
1209,40.299597,0.2304341650938243,0.30037929263014645,0.89907491952539
1210,40.33293,0.22908142859897762,0.29826529103051475,0.9068994349235422
1211,40.366263,0.22596938105539213,0.2979749420112866,0.9077206747025065
1212,40.399595999999995,0.2244437163133338,0.30221048116353866,0.9153048018881341
1213,40.432929,0.22965071128271902,0.3008747910520241,0.9146127651268638
1214,40.466262,0.23078411856560302,0.3077711037105971,0.9138922878864311
1215,40.499595,0.22819535072292463,0.30699837114776735,0.9164833955859862
1216,40.532928,0.22689788334739977,0.30588522099934556,0.9152914760154739
