frame_idx,time_sec,ear
0,0.0,0.274604832474396
1,0.059048857849556234,0.25181361160757115
2,0.11809771569911247,0.2644768183908136
3,0.17714657354866872,0.26862076623020326
4,0.23619543139822494,0.2715183394895626
5,0.2952442892477812,0.2642323725994661
6,0.35429314709733745,0.17536817478366817
7,0.41334200494689366,0.1997967716348305
8,0.4723908627964499,0.26014102621432644
9,0.5314397206460061,0.2747387657259447
10,0.5904885784955624,0.2835086342854011
11,0.6495374363451186,0.28624530404090964
12,0.7085862941946749,0.2928337340473858
13,0.767635152044231,0.2980840148778432
14,0.8266840098937873,0.30166380771025997
15,0.8857328677433436,0.299700935471392
16,0.9447817255928997,0.3075697304428945
17,1.0038305834424561,0.3091757690685172
18,1.0628794412920122,0.3110177343953892
19,1.1219282991415684,0.3027846102871474
20,1.1809771569911247,0.3050940755123045
21,1.240026014840681,0.31310453386569914
22,1.2990748726902372,0.30513538661694517
23,1.3581237305397935,0.30379364393820607
24,1.4171725883893498,0.31034936971983396
25,1.4762214462389058,0.31266142613884707
26,1.535270304088462,0.30325499514682575
27,1.5943191619380184,0.3112741449643303
28,1.6533680197875746,0.30918857190803
29,1.712416877637131,0.31176566290282404
30,1.7714657354866872,0.3076975651356743
31,1.8305145933362434,0.3106405169011344
32,1.8895634511857995,0.3064552706139299
33,1.9486123090353558,0.3103909202200735
34,2.0076611668849123,0.3113427620153968
35,2.0667100247344683,0.3075498756591851
36,2.1257588825840243,0.3072905961477167
37,2.184807740433581,0.3059068742871189
38,2.243856598283137,0.3090092066336175
39,2.3029054561326934,0.30746310321079223
40,2.3619543139822494,0.3093440476834159
41,2.421003171831806,0.29956936348805285
42,2.480052029681362,0.20655478121422613
43,2.539100887530918,0.22416354584206022
44,2.5981497453804745,0.25651752575602293
45,2.6571986032300305,0.2719944565349356
46,2.716247461079587,0.28075381121448945
47,2.775296318929143,0.28937800055758756
48,2.8343451767786996,0.2919244427071097
49,2.8933940346282556,0.3011251357689948
50,2.9524428924778117,0.30141811130333673
51,3.011491750327368,0.30532011828553857
52,3.070540608176924,0.3067023549915988
53,3.1295894660264807,0.3089742232034558
54,3.1886383238760367,0.30799438174398996
55,3.2476871817255932,0.3040046608116804
56,3.3067360395751493,0.2613319419914225
57,3.3657848974247053,0.14270441811928058
58,3.424833755274262,0.2204780100906507
59,3.483882613123818,0.2556744678022873
60,3.5429314709733744,0.28816748878499876
61,3.6019803288229304,0.2979013256251901
62,3.661029186672487,0.2931702012382401
63,3.720078044522043,0.30001765214554665
64,3.779126902371599,0.3099291536001233
65,3.8381757602211555,0.30195756186125944
66,3.8972246180707115,0.31147642024170397
67,3.956273475920268,0.3076437229765744
68,4.0153223337698245,0.30735545388432994
69,4.07437119161938,0.3114570382390105
70,4.133420049468937,0.30915351877463304
71,4.192468907318493,0.31283518645449354
72,4.251517765168049,0.3084600873382357
73,4.310566623017605,0.3058625113142116
74,4.369615480867162,0.31118693406622533
75,4.428664338716718,0.30439189735600036
76,4.487713196566274,0.3130704687934714
77,4.54676205441583,0.3077125458938128
78,4.605810912265387,0.3148468893905144
79,4.664859770114942,0.31953228226950914
80,4.723908627964499,0.31418513355570504
81,4.782957485814055,0.3128018545377112
82,4.842006343663612,0.30946039431010264
83,4.901055201513167,0.3114547656678564
84,4.960104059362724,0.31358345735645826
85,5.01915291721228,0.31007361290125324
86,5.078201775061836,0.30493242343207033
87,5.1372506329113925,0.3098373613252893
88,5.196299490760949,0.3149249298425265
89,5.2553483486105055,0.3182568307024321
90,5.314397206460061,0.3124606677500213
91,5.373446064309618,0.31308068406027
92,5.432494922159174,0.31140335640888794
93,5.49154378000873,0.3232160053522153
94,5.550592637858286,0.31359056568726784
95,5.609641495707843,0.31695924592715274
96,5.668690353557399,0.3194119653305679
97,5.727739211406955,0.30824513621716515
98,5.786788069256511,0.3153104690866
99,5.845836927106068,0.31889685030237797
100,5.904885784955623,0.3145449561661814
101,5.96393464280518,0.3093659456177583
102,6.022983500654736,0.31240215195037135
103,6.082032358504293,0.28007301263141005
104,6.141081216353848,0.26355270044960416
105,6.200130074203405,0.29052557033959814
106,6.259178932052961,0.29224191146269896
107,6.318227789902517,0.3018347031832197
108,6.3772766477520735,0.30568515005607055
109,6.43632550560163,0.31138991850515774
110,6.4953743634511865,0.2973999496704717
111,6.554423221300742,0.18033561359405362
112,6.6134720791502986,0.20221109640685359
113,6.672520936999855,0.23695875202646877
114,6.731569794849411,0.2587747441002298
115,6.790618652698967,0.285886067210681
116,6.849667510548524,0.2895055242372616
117,6.90871636839808,0.293021985944242
118,6.967765226247636,0.2890228391850391
119,7.026814084097192,0.2935073405884956
120,7.085862941946749,0.30868013666240446
121,7.144911799796304,0.30923928749799734
122,7.203960657645861,0.3045230732591608
123,7.263009515495417,0.30261913265964246
124,7.322058373344974,0.2976705308688749
125,7.381107231194529,0.3021866067547392
126,7.440156089044086,0.31317028991608076
127,7.499204946893642,0.31019758261277275
128,7.558253804743198,0.3094007484582365
129,7.6173026625927545,0.3095534018832362
130,7.676351520442311,0.3050300546381129
131,7.735400378291867,0.30038938691469846
132,7.794449236141423,0.31667735488587007
133,7.8534980939909795,0.3085884309733572
134,7.912546951840536,0.3098571348887259
135,7.971595809690092,0.3107497553798827
136,8.030644667539649,0.3184090232103793
137,8.089693525389205,0.3209560036654432
138,8.14874238323876,0.30994204448894275
139,8.207791241088318,0.3143299630426032
140,8.266840098937873,0.3098894606268019
141,8.325888956787429,0.3146124529980318
142,8.384937814636986,0.31398638305713944
143,8.443986672486542,0.31312647149041917
144,8.503035530336097,0.3148104983600338
145,8.562084388185655,0.30710724237884096
146,8.62113324603521,0.31058934292809437
147,8.680182103884766,0.3120236336886062
148,8.739230961734323,0.31955073267438716
149,8.798279819583879,0.3114903282383951
150,8.857328677433436,0.30863137907450944
151,8.916377535282992,0.30784344067020664
152,8.975426393132548,0.30558018070474563
153,9.034475250982105,0.31728023810541306
154,9.09352410883166,0.3110503007170806
155,9.152572966681216,0.3056056406756688
156,9.211621824530773,0.3110473650489859
157,9.270670682380329,0.3084525954606607
158,9.329719540229885,0.30821556029343616
159,9.388768398079442,0.30187504483676286
160,9.447817255928998,0.306635842155919
161,9.506866113778553,0.3105073023158438
162,9.56591497162811,0.30976404281039727
163,9.624963829477666,0.3024952599034031
164,9.684012687327224,0.30624853244177974
165,9.74306154517678,0.3069019940538059
166,9.802110403026335,0.3085406547594444
167,9.861159260875892,0.3094705348332287
168,9.920208118725448,0.3094822886983263
169,9.979256976575003,0.3114536197121912
170,10.03830583442456,0.3061605074210485
171,10.097354692274116,0.3040529892869436
172,10.156403550123672,0.30533580482901757
173,10.21545240797323,0.3095434420270023
174,10.274501265822785,0.30820510396462664
175,10.33355012367234,0.30975585686423673
176,10.392598981521898,0.30810850865114664
177,10.451647839371454,0.3180312964840998
178,10.510696697221011,0.31408613735260515
179,10.569745555070567,0.3046911763934448
180,10.628794412920122,0.2609774486241416
181,10.68784327076968,0.2308933096316357
182,10.746892128619235,0.2679430375726822
183,10.80594098646879,0.2739672668284612
184,10.864989844318348,0.28575126163372094
185,10.924038702167904,0.29549874563790446
186,10.98308756001746,0.28989708460006935
187,11.042136417867017,0.2958358463534374
188,11.101185275716572,0.29113099451439717
189,11.160234133566128,0.3006302497380295
190,11.219282991415685,0.3050534739919095
191,11.278331849265241,0.30990081421614046
192,11.337380707114798,0.3036939828499819
193,11.396429564964354,0.30814810025523554
194,11.45547842281391,0.3142316153019798
195,11.514527280663467,0.3113459976878213
196,11.573576138513022,0.30451495936146455
197,11.632624996362578,0.3046844219685223
198,11.691673854212135,0.30072322402734775
199,11.750722712061691,0.3057626014414603
200,11.809771569911247,0.3028090425826548
201,11.868820427760804,0.3069784559499611
202,11.92786928561036,0.3024882430041941
203,11.986918143459915,0.30557521797562176
204,12.045967001309473,0.2961465797456615
205,12.105015859159028,0.3061151886330967
206,12.164064717008586,0.30171374528997474
207,12.223113574858141,0.30485651579715656
208,12.282162432707697,0.30886884345251686
209,12.341211290557254,0.30120386362352364
210,12.40026014840681,0.31146270905658396
211,12.459309006256365,0.31519700882414514
212,12.518357864105923,0.299847103518167
213,12.577406721955478,0.3095441067490181
214,12.636455579805034,0.3168302836346473
215,12.695504437654591,0.31354197023289143
216,12.754553295504147,0.31316889434716105
217,12.813602153353703,0.308904153639549
218,12.87265101120326,0.29618857066762966
219,12.931699869052816,0.2923548195802853
220,12.990748726902373,0.28465251194660757
221,13.049797584751929,0.2944198701670846
222,13.108846442601484,0.30387071870687377
223,13.167895300451042,0.3089708616642741
224,13.226944158300597,0.30327364056529904
225,13.285993016150153,0.3030725407591174
226,13.34504187399971,0.30087188009287985
227,13.404090731849266,0.2982692243101602
228,13.463139589698821,0.3076504950842609
229,13.522188447548379,0.30896649490172745
230,13.581237305397934,0.30666015678993935
231,13.64028616324749,0.3041987883825562
232,13.699335021097047,0.3097884145967129
233,13.758383878946603,0.3079986053001368
234,13.81743273679616,0.29826249694423956
235,13.876481594645716,0.30992472983943153
236,13.935530452495271,0.3000228608767104
237,13.994579310344829,0.20956784945890836
238,14.053628168194384,0.18640396965796446
239,14.11267702604394,0.23755209669713034
240,14.171725883893497,0.2787368593583306
241,14.230774741743053,0.2826433676717366
242,14.289823599592609,0.2868849568473193
243,14.348872457442166,0.2960065461279975
244,14.407921315291722,0.29319889480010664
245,14.466970173141277,0.2958862730955354
246,14.526019030990835,0.2988998344398367
247,14.58506788884039,0.2919738509356212
248,14.644116746689948,0.3023869442138344
249,14.703165604539503,0.3120558694164268
250,14.762214462389059,0.29909096492503284
251,14.821263320238616,0.3011421481135255
252,14.880312178088172,0.30440568387275235
253,14.939361035937727,0.3101204997152033
254,14.998409893787285,0.3021301568911059
255,15.05745875163684,0.18371615860300244
256,15.116507609486396,0.1740217822487804
257,15.175556467335953,0.22353784489168482
258,15.234605325185509,0.25603200263901504
259,15.293654183035065,0.28343554780982905
260,15.352703040884622,0.2929276649593615
261,15.411751898734178,0.2828169352973222
262,15.470800756583735,0.28825866495055275
263,15.52984961443329,0.2905309618677335
264,15.588898472282846,0.29065583593101996
265,15.647947330132403,0.30026972975608
266,15.706996187981959,0.30203510229283115
267,15.766045045831515,0.30457378331503854
268,15.825093903681072,0.30051133088007936
269,15.884142761530628,0.2972537533190409
270,15.943191619380183,0.3036669135931035
271,16.00224047722974,0.29438043476004827
272,16.061289335079298,0.3006010837781711
273,16.120338192928852,0.30339680919723844
274,16.17938705077841,0.30312705586111954
275,16.238435908627967,0.3066885926654655
276,16.29748476647752,0.29733905428130836
277,16.356533624327078,0.2972668721188203
278,16.415582482176635,0.29597673946142244
279,16.47463134002619,0.3023010216074369
280,16.533680197875746,0.30211719399660836
281,16.592729055725304,0.2995619308411741
282,16.651777913574858,0.2917485703589583
283,16.710826771424415,0.29793238538709244
284,16.769875629273972,0.29865956333117977
285,16.828924487123526,0.29869924388521574
286,16.887973344973084,0.2983715039001476
287,16.94702220282264,0.29875193038182224
288,17.006071060672195,0.30083917373403307
289,17.065119918521752,0.30223101745561987
290,17.12416877637131,0.30312469205422143
291,17.183217634220863,0.301270390563122
292,17.24226649207042,0.2975881129082316
293,17.301315349919978,0.30414688684349034
294,17.360364207769532,0.29916921607128644
295,17.41941306561909,0.30669636923275523
296,17.478461923468647,0.3013584990934641
297,17.5375107813182,0.30592068850722653
298,17.596559639167758,0.30810286868036035
299,17.655608497017315,0.2961332004524383
300,17.714657354866873,0.3035951912906044
301,17.773706212716426,0.2972152662205474
302,17.832755070565984,0.29875969711428835
303,17.89180392841554,0.2981915691228041
304,17.950852786265095,0.2950250141067527
305,18.009901644114652,0.29946906263257694
306,18.06895050196421,0.3060309083363397
307,18.127999359813764,0.3089197947387757
308,18.18704821766332,0.30400564130328717
309,18.24609707551288,0.30584994852307285
310,18.305145933362432,0.3066148133908093
311,18.36419479121199,0.3065300094454363
312,18.423243649061547,0.29856369735967664
313,18.4822925069111,0.3104275827676084
314,18.541341364760658,0.29174356117932004
315,18.600390222610216,0.2134443210119733
316,18.65943908045977,0.20628271890942024
317,18.718487938309327,0.24272952621187815
318,18.777536796158884,0.277495558411754
319,18.836585654008438,0.2829395522622681
320,18.895634511857995,0.28716161958263364
321,18.954683369707553,0.2919352657190781
322,19.013732227557107,0.2945703435701864
323,19.072781085406664,0.2905999245756531
324,19.13182994325622,0.2917762563281223
325,19.190878801105775,0.3107356783840905
326,19.249927658955333,0.31180422076411607
327,19.30897651680489,0.3056601129661193
328,19.368025374654447,0.2990479546630596
329,19.427074232504,0.30621048903867953
330,19.48612309035356,0.30463193858459936
331,19.545171948203116,0.30134552188093705
332,19.60422080605267,0.30616407679588653
333,19.663269663902227,0.3072792834404346
334,19.722318521751784,0.30146206660815955
335,19.78136737960134,0.30385558283377695
336,19.840416237450896,0.29991397258373803
337,19.899465095300453,0.2961684923605443
338,19.958513953150007,0.2979910492721405
339,20.017562810999564,0.3043929986703481
340,20.07661166884912,0.29804114054784203
341,20.135660526698675,0.30295849160567545
342,20.194709384548233,0.30673210648438964
343,20.25375824239779,0.3057021324989173
344,20.312807100247344,0.29676506208386955
345,20.3718559580969,0.3030123439924942
346,20.43090481594646,0.3026954176448401
347,20.489953673796013,0.30384719275915756
348,20.54900253164557,0.3043893112619541
349,20.608051389495127,0.3021410682958209
350,20.66710024734468,0.297127467139513
351,20.72614910519424,0.3041384598971504
352,20.785197963043796,0.2957055218693788
353,20.84424682089335,0.2985061831532282
354,20.903295678742907,0.307726334960729
355,20.962344536592465,0.2999359621297256
356,21.021393394442022,0.30394963003756714
357,21.080442252291576,0.3057831909802133
358,21.139491110141133,0.3036462232020774
359,21.19853996799069,0.3054664561482215
360,21.257588825840244,0.29787842130852227
361,21.3166376836898,0.30264154599951515
362,21.37568654153936,0.3040996381095078
363,21.434735399388913,0.30317460272761976
364,21.49378425723847,0.3041107934592303
365,21.552833115088028,0.30379076354476453
366,21.61188197293758,0.31028570186546256
367,21.67093083078714,0.306915246506542
368,21.729979688636696,0.31081386012136525
369,21.78902854648625,0.3029598621613253
370,21.848077404335807,0.3076074141207308
371,21.907126262185365,0.3035540473198319
372,21.96617512003492,0.30285566654433715
373,22.025223977884476,0.30474572040755743
374,22.084272835734033,0.3075076983213876
375,22.143321693583587,0.3077760552557175
376,22.202370551433145,0.3091647374882669
377,22.261419409282702,0.3081052759368063
378,22.320468267132256,0.30337915332959586
379,22.379517124981813,0.30500954101776045
380,22.43856598283137,0.3065032892077194
381,22.497614840680924,0.3057980286425478
382,22.556663698530482,0.30319114551594106
383,22.61571255638004,0.3107955307841329
384,22.674761414229597,0.30199532329831047
385,22.73381027207915,0.3108009243982729
386,22.792859129928708,0.30871420568005137
387,22.851907987778265,0.3019925183570464
388,22.91095684562782,0.30339827187861823
389,22.970005703477376,0.302968501063014
390,23.029054561326934,0.3036305796727172
391,23.088103419176488,0.3075710000781748
392,23.147152277026045,0.29828247796046714
393,23.206201134875602,0.3030889209843195
394,23.265249992725156,0.30947343066477273
395,23.324298850574714,0.3069642900570635
396,23.38334770842427,0.30820336406945353
397,23.442396566273825,0.31034234271612854
398,23.501445424123382,0.3097529746315769
399,23.56049428197294,0.31135349838949855
400,23.619543139822493,0.30904241267843413
401,23.67859199767205,0.31372697947031486
402,23.737640855521608,0.2994971662578489
403,23.796689713371162,0.30495043207628736
404,23.85573857122072,0.3031779182964319
405,23.914787429070277,0.30364654632145627
406,23.97383628691983,0.3039730597932704
407,24.032885144769388,0.30562237263210057
408,24.091934002618945,0.3059835466890035
409,24.1509828604685,0.30231803915415145
410,24.210031718318056,0.29890788846213634
411,24.269080576167614,0.30513938815656555
412,24.32812943401717,0.3096485961936145
413,24.387178291866725,0.3129016581266204
414,24.446227149716282,0.3091177005581398
415,24.50527600756584,0.30173264884591744
416,24.564324865415394,0.30482176402178673
417,24.62337372326495,0.2980496047356429
418,24.68242258111451,0.2899323950304936
419,24.741471438964062,0.29227311314015797
420,24.80052029681362,0.29064220894654613
421,24.859569154663177,0.2979997583759431
422,24.91861801251273,0.2991189621629554
423,24.977666870362288,0.28586060706877847
424,25.036715728211846,0.29368253648555387
425,25.0957645860614,0.2928470960138364
426,25.154813443910957,0.2959093681984639
427,25.213862301760514,0.24133144118227817
428,25.272911159610068,0.25488546378013316
429,25.331960017459625,0.2755227256745585
430,25.391008875309183,0.2831643095655003
431,25.450057733158737,0.2951315330639234
432,25.509106591008294,0.3009754157406727
433,25.56815544885785,0.29635217329401287
434,25.627204306707405,0.30844852951089474
435,25.686253164556963,0.3023359699792653
436,25.74530202240652,0.29734790415290235
437,25.804350880256074,0.3039288373715475
438,25.86339973810563,0.3104336955121502
439,25.92244859595519,0.3111216778754661
440,25.981497453804746,0.30944180406755284
441,26.0405463116543,0.30259976301085745
442,26.099595169503857,0.30578674188161714
443,26.158644027353414,0.2997931605240204
444,26.21769288520297,0.30246843170191084
445,26.276741743052526,0.30776844871307657
446,26.335790600902083,0.3120122818875163
447,26.394839458751637,0.3050124545284515
448,26.453888316601194,0.30568443380284993
449,26.51293717445075,0.3084156084768529
450,26.571986032300305,0.30639296747135414
451,26.631034890149863,0.3092751875946266
452,26.69008374799942,0.30327648774595894
453,26.749132605848974,0.30342812189713275
454,26.80818146369853,0.3003525191932257
455,26.86723032154809,0.3077047520557107
456,26.926279179397643,0.30702818844101276
457,26.9853280372472,0.3071967284941861
458,27.044376895096757,0.3090790656169188
459,27.10342575294631,0.30284866701199836
460,27.16247461079587,0.31064042868260044
461,27.221523468645426,0.30008263823058734
462,27.28057232649498,0.309382062616508
463,27.339621184344537,0.31140664522120054
464,27.398670042194095,0.309021935071785
465,27.45771890004365,0.31161813601410876
466,27.516767757893206,0.31505450398894075
467,27.575816615742763,0.3130484496020858
468,27.63486547359232,0.30886283628140043
469,27.693914331441874,0.3074036075443025
470,27.75296318929143,0.30828898418331835
471,27.81201204714099,0.3019958435326259
472,27.871060904990543,0.3013711392997064
473,27.9301097628401,0.3088201510563858
474,27.989158620689658,0.3077153951477205
475,28.04820747853921,0.3030402881398885
476,28.10725633638877,0.299747004569896
477,28.166305194238326,0.31363150405019224
478,28.22535405208788,0.3092667190883983
479,28.284402909937437,0.30924733246729064
480,28.343451767786995,0.31121996119330964
481,28.40250062563655,0.2968074112843775
482,28.461549483486106,0.31165318201004844
483,28.520598341335663,0.30162939787297427
484,28.579647199185217,0.30619922980038133
485,28.638696057034775,0.3004586353083535
486,28.697744914884332,0.2850523940584626
487,28.756793772733886,0.2794972572385879
488,28.815842630583443,0.2892130746508303
489,28.874891488433,0.3046273422614404
490,28.933940346282554,0.29752298889709045
491,28.992989204132112,0.30121670392298333
492,29.05203806198167,0.30839500437354117
493,29.111086919831223,0.30746211375196264
494,29.17013577768078,0.3073511294787318
495,29.229184635530338,0.2996811577239449
496,29.288233493379895,0.307872526351872
497,29.34728235122945,0.30220596753760476
498,29.406331209079006,0.283697379970027
499,29.465380066928564,0.28952475291908
500,29.524428924778118,0.2811892171151422
501,29.583477782627675,0.3023429632275557
502,29.642526640477232,0.30582690346527497
503,29.701575498326786,0.2987909728980014
504,29.760624356176343,0.3007791524481245
505,29.8196732140259,0.30472750861099124
506,29.878722071875455,0.3045772239515331
507,29.937770929725012,0.30723023409026506
508,29.99681978757457,0.17044549274182053
509,30.055868645424123,0.11769212993271136
510,30.11491750327368,0.19576429611440074
511,30.173966361123238,0.22653913271880122
512,30.233015218972792,0.2609686296827079
513,30.29206407682235,0.2773299566381823
514,30.351112934671907,0.27918873609451417
515,30.41016179252146,0.27835589978430675
516,30.469210650371018,0.2810932808060356
517,30.528259508220575,0.2919921956293763
518,30.58730836607013,0.28407750406953713
519,30.646357223919686,0.17650032074805666
520,30.705406081769244,0.1112289069636356
521,30.764454939618798,0.1987110814987404
522,30.823503797468355,0.22311224246562453
523,30.882552655317912,0.24517428962665494
524,30.94160151316747,0.26886186933585027
525,31.000650371017024,0.27111807798488324
526,31.05969922886658,0.262943129876472
527,31.11874808671614,0.2680186802535449
528,31.177796944565692,0.2610417309019396
529,31.23684580241525,0.26314439101258164
530,31.295894660264807,0.25154662377085335
531,31.35494351811436,0.08579270120404478
532,31.413992375963918,0.13822340359137608
533,31.473041233813476,0.20889413709082524
534,31.53209009166303,0.24618090313915292
535,31.591138949512587,0.26741594471438657
536,31.650187807362144,0.28255992349918907
537,31.709236665211698,0.2824691086844042
538,31.768285523061255,0.302669483193078
539,31.827334380910813,0.3144758553680578
540,31.886383238760367,0.32198978657790966
541,31.945432096609924,0.3206537821026474
542,32.00448095445948,0.3030601584454664
543,32.063529812309035,0.2911349981489194
544,32.122578670158596,0.29034212332612486
545,32.18162752800815,0.28287181444357956
546,32.240676385857704,0.2908414339919452
547,32.299725243707265,0.2935293487150747
548,32.35877410155682,0.2913563563373244
549,32.41782295940637,0.29185245089660816
550,32.47687181725593,0.3082130540256942
551,32.53592067510549,0.3195440418642346
552,32.59496953295504,0.3320183522192882
553,32.6540183908046,0.3249931183407457
554,32.713067248654156,0.3140370887130686
555,32.77211610650371,0.31141838744056805
556,32.83116496435327,0.31382860079629593
557,32.890213822202824,0.31318241912246597
558,32.94926268005238,0.3214718129077627
559,33.00831153790194,0.3018597062009737
560,33.06736039575149,0.21113616832151494
561,33.12640925360105,0.15950976062366123
562,33.18545811145061,0.202778619478082
563,33.24450696930016,0.24001157341883067
564,33.303555827149715,0.2762366947149449
565,33.362604684999276,0.2956872920065796
566,33.42165354284883,0.30312247623102967
567,33.480702400698384,0.30870295703069134
568,33.539751258547945,0.3088607861412026
569,33.5988001163975,0.3116083697443627
570,33.65784897424705,0.31681319179222855
571,33.71689783209661,0.33555254003665447
572,33.77594668994617,0.3349540996978084
573,33.83499554779572,0.34404157432094806
574,33.89404440564528,0.349408368720933
575,33.953093263494836,0.3542207272219123
576,34.01214212134439,0.37065918723398095
577,34.07119097919395,0.3413946548151774
578,34.130239837043504,0.28586732473881493
579,34.18928869489306,0.18340698828480073
580,34.24833755274262,0.2444845338458887
581,34.30738641059217,0.26664358934894916
582,34.36643526844173,0.27600601229932564
583,34.42548412629129,0.2886297338201067
584,34.48453298414084,0.2936454043466361
585,34.543581841990395,0.20554079800964326
586,34.602630699839956,0.0707312360470293
587,34.66167955768951,0.18094035703125272
588,34.720728415539064,0.23369302379767454
589,34.779777273388625,0.25820963533454855
590,34.83882613123818,0.27877710031162856
591,34.89787498908773,0.2976465277445651
592,34.95692384693729,0.3000479129508319
593,35.01597270478685,0.30019774403529115
594,35.0750215626364,0.3089763962538238
595,35.13407042048596,0.31444823754553475
596,35.193119278335516,0.30197746999263575
597,35.25216813618508,0.3001206498450822
598,35.31121699403463,0.26634907167864286
599,35.370265851884184,0.0872617739023836
600,35.429314709733745,0.16511075055999266
601,35.4883635675833,0.21178028928966677
602,35.54741242543285,0.24171634735254605
603,35.606461283282414,0.27157128432844446
604,35.66551014113197,0.28415457657801113
605,35.72455899898152,0.2903297298943693
606,35.78360785683108,0.2900539902408861
607,35.842656714680636,0.29419869550751243
608,35.90170557253019,0.28952484042291793
609,35.96075443037975,0.2978531500250742
610,36.019803288229305,0.29567775127853557
611,36.07885214607886,0.2902877986039727
612,36.13790100392842,0.269871299217853
613,36.19694986177797,0.11771446443842776
614,36.25599871962753,0.07643645953257147
615,36.31504757747709,0.1935278112277746
616,36.37409643532664,0.2289458082864886
617,36.433145293176196,0.2680284091099773
618,36.49219415102576,0.2643822241435227
619,36.55124300887531,0.28019588639516924
620,36.610291866724864,0.295896102942822
621,36.669340724574425,0.2962469303046408
622,36.72838958242398,0.31418429812332066
623,36.78743844027353,0.32939204628067636
624,36.846487298123094,0.3284909167498795
625,36.90553615597265,0.3456516051776173
626,36.9645850138222,0.33719387724996985
627,37.02363387167176,0.3236889122769517
628,37.082682729521316,0.3247009439654225
629,37.14173158737087,0.3281324417239362
630,37.20078044522043,0.3373834475941345
631,37.259829303069985,0.33584463082629157
632,37.31887816091954,0.3308276180370292
633,37.3779270187691,0.3288702627346328
634,37.436975876618654,0.2728552072131543
635,37.49602473446821,0.16470201578714588
636,37.55507359231777,0.19222259601013308
637,37.61412245016732,0.25759647862933377
638,37.673171308016876,0.26994477091576746
639,37.73222016586644,0.2683540787443782
640,37.79126902371599,0.27537601072545476
641,37.850317881565545,0.27746154038676707
642,37.909366739415105,0.2853605572187573
643,37.96841559726466,0.29684653332598715
644,38.02746445511421,0.29904793948534236
645,38.086513312963774,0.2941704418471863
646,38.14556217081333,0.2855267151275199
647,38.20461102866288,0.2914335227902813
648,38.26365988651244,0.2452805395453857
649,38.322708744362,0.16863045012515798
650,38.38175760221155,0.2736802763528753
651,38.44080646006111,0.35076600308857797
652,38.499855317910665,0.5012651389387875
653,38.558904175760226,0.535704489974937
654,38.61795303360978,0.6776140738356063
655,38.677001891459334,0.6858359619502069
656,38.736050749308895,0.6010070198862514
657,38.79509960715845,0.8782922323163813
658,38.854148465008,0.6113509210283419
659,38.91319732285756,0.5289862693910388
660,38.97224618070712,0.35689111017256103
661,39.03129503855667,0.18686249710262873
662,39.09034389640623,0.17855256066821062
663,39.149392754255786,0.22560881167861407
664,39.20844161210534,0.2580423750555498
665,39.2674904699549,0.27725902460091867
666,39.326539327804454,0.2854746455964389
667,39.38558818565401,0.2710286928810565
668,39.44463704350357,0.08238391237478054
669,39.50368590135312,0.13399144284157935
670,39.56273475920268,0.21438997659538156
671,39.62178361705224,0.2660811865455036
672,39.68083247490179,0.29314132254099756
673,39.739881332751345,0.28696875740914224
674,39.798930190600906,0.29505832103492446
675,39.85797904845046,0.29127944640732206
676,39.917027906300014,0.2934838642970961
677,39.976076764149575,0.3011661965834671
678,40.03512562199913,0.29502884299541887
679,40.09417447984868,0.29762096417999856
680,40.15322333769824,0.29708035167119184
681,40.2122721955478,0.2836592703680486
682,40.27132105339735,0.1429692187511024
683,40.33036991124691,0.15412152064404713
684,40.389418769096466,0.2272817035567646
685,40.44846762694602,0.24841418955239788
686,40.50751648479558,0.2685144717929061
687,40.566565342645134,0.2836980760225334
688,40.62561420049469,0.2974824623328715
689,40.68466305834425,0.2925341345922047
690,40.7437119161938,0.2929133154549455
691,40.80276077404336,0.27156594647196536
692,40.86180963189292,0.1116950573044001
693,40.92085848974247,0.15723906078801586
694,40.979907347592025,0.23520619442250562
695,41.038956205441586,0.2649353209300673
696,41.09800506329114,0.271805208994097
697,41.157053921140694,0.2892946128310028
698,41.216102778990255,0.2946801685808754
699,41.27515163683981,0.2907183409852578
700,41.33420049468936,0.28691822042242376
701,41.39324935253892,0.2951346021929472
702,41.45229821038848,0.29304079269596495
703,41.51134706823803,0.3002959189911349
704,41.57039592608759,0.30245208845763166
705,41.629444783937146,0.2979236545761988
706,41.6884936417867,0.13386036989453254
707,41.74754249963626,0.09194681368080657
708,41.806591357485814,0.20770343872654717
709,41.865640215335375,0.24487776866995137
710,41.92468907318493,0.2502161618835885
711,41.98373793103448,0.22255445237936394
712,42.042786788884044,0.23312026886785414
713,42.1018356467336,0.2687821830614596
714,42.16088450458315,0.2634746522159457
715,42.21993336243271,0.29189388747457234
716,42.278982220282266,0.313942733980795
717,42.33803107813182,0.336770112761797
718,42.39707993598138,0.33615904440090316
719,42.456128793830935,0.33013505195165616
720,42.51517765168049,0.32905880060311665
721,42.57422650953005,0.34158624305928414
722,42.6332753673796,0.3338474082769899
723,42.69232422522916,0.34259356782715567
724,42.75137308307872,0.3372819580354195
725,42.81042194092827,0.3352798785084604
726,42.869470798777826,0.3314571813234247
727,42.92851965662739,0.33707238839908116
728,42.98756851447694,0.3353255298823027
729,43.046617372326494,0.3194297604772598
730,43.105666230176055,0.2861828584780785
731,43.16471508802561,0.056515068101703377
732,43.22376394587516,0.09301512128790254
733,43.282812803724724,0.22758957885246922
734,43.34186166157428,0.2373267745870522
735,43.40091051942383,0.2750046266483794
736,43.45995937727339,0.2556715440254578
737,43.519008235122946,0.28697373935244386
738,43.5780570929725,0.286583777192808
739,43.63710595082206,0.2775694744507191
740,43.696154808671615,0.27783129246659943
741,43.75520366652117,0.29705181448796736
742,43.81425252437073,0.22574915757083458
743,43.87330138222028,0.05869072205902631
744,43.93235024006984,0.14029422049351625
745,43.9913990979194,0.21721618048882502
746,44.05044795576895,0.24343810570285276
747,44.109496813618506,0.26100186349752347
748,44.16854567146807,0.26552703129904026
749,44.22759452931762,0.273648484385533
750,44.286643387167175,0.26799755498200567
751,44.345692245016735,0.28351134161710145
752,44.40474110286629,0.29049927537838677
753,44.46378996071584,0.291199113706089
754,44.522838818565404,0.28734856353922095
755,44.58188767641496,0.2926296433323161
756,44.64093653426451,0.2975905355676367
757,44.69998539211407,0.13860460699131563
758,44.75903424996363,0.07445276356113151
759,44.81808310781318,0.11153321428610817
760,44.87713196566274,0.21611210327057556
761,44.936180823512295,0.24754658052612655
762,44.99522968136185,0.2690750394150161
763,45.05427853921141,0.26751377636609247
764,45.113327397060964,0.27400732214608836
765,45.172376254910525,0.2768144782832027
766,45.23142511276008,0.2899665013243993
767,45.29047397060963,0.2874580115055394
768,45.34952282845919,0.28826461316316987
769,45.40857168630875,0.2867034288476489
770,45.4676205441583,0.2933087651553074
771,45.52666940200786,0.2947438351366056
772,45.585718259857416,0.29788325161287227
773,45.64476711770697,0.30467264269281114
774,45.70381597555653,0.30870374963944797
775,45.762864833406084,0.29514600140261904
776,45.82191369125564,0.2514446674730068
777,45.8809625491052,0.07287383997331097
778,45.94001140695475,0.1918136612053138
779,45.99906026480431,0.2745366732786612
780,46.05810912265387,0.321535878279285
781,46.11715798050342,0.3633567305422045
782,46.176206838352975,0.3896856675555541
783,46.235255696202536,0.3867979788499327
784,46.29430455405209,0.3772950668466718
785,46.353353411901644,0.37005841473271267
786,46.412402269751205,0.37538115105264613
787,46.47145112760076,0.3391113670519956
788,46.53049998545031,0.21699553711746436
789,46.58954884329987,0.2034647157909799
790,46.64859770114943,0.23886917482624753
791,46.70764655899898,0.3246851193813297
792,46.76669541684854,0.34911781149342247
793,46.825744274698096,0.35515983611273017
794,46.88479313254765,0.33168154175880576
795,46.94384199039721,0.21024184226241743
796,47.002890848246764,0.1620902744232037
797,47.06193970609632,0.19811269703866718
798,47.12098856394588,0.2621339077649273
799,47.18003742179543,0.2532715120826717
800,47.23908627964499,0.27592547733296346
801,47.29813513749455,0.28887449018849065
802,47.3571839953441,0.2910133081186066
803,47.416232853193655,0.28806341680391956
804,47.475281711043216,0.2923450680508888
805,47.53433056889277,0.2797374360797008
806,47.593379426742324,0.26616452839345983
807,47.652428284591885,0.26679361310839084
808,47.71147714244144,0.27448391829769203
809,47.77052600029099,0.27135655028837746
810,47.82957485814055,0.28914407092025857
811,47.88862371599011,0.29208915886584474
812,47.94767257383966,0.2780990184575919
813,48.00672143168922,0.2576504992769132
814,48.065770289538776,0.1394127883771233
815,48.12481914738833,0.07286530010517327
816,48.18386800523789,0.19265863893686663
817,48.242916863087444,0.24907381111888194
818,48.301965720937,0.28459082962838
819,48.36101457878656,0.2938011075993576
820,48.42006343663611,0.3015203020366013
821,48.479112294485674,0.3103953335725397
822,48.53816115233523,0.31429676400183815
823,48.59721001018478,0.31178875337069745
824,48.65625886803434,0.3197162803242056
825,48.715307725883896,0.27154365094420374
826,48.77435658373345,0.04327662856580547
827,48.83340544158301,0.09708057164557826
828,48.892454299432565,0.16965261533430245
829,48.95150315728212,0.2418056389973751
830,49.01055201513168,0.265399750835641
831,49.06960087298123,0.2759306716017127
832,49.12864973083079,0.2752729844907189
833,49.18769858868035,0.2836995292988991
834,49.2467474465299,0.27389184434040764
835,49.305796304379456,0.10926595812494
836,49.36484516222902,0.13015950653253516
837,49.42389402007857,0.19843184765318836
838,49.482942877928124,0.21875004933215686
839,49.541991735777685,0.2614017066642736
840,49.60104059362724,0.2703085609245411
841,49.66008945147679,0.2836472716135939
842,49.719138309326354,0.2819702159213058
843,49.77818716717591,0.3016363813688798
844,49.83723602502546,0.29760135898667045
845,49.89628488287502,0.21639534626344425
846,49.955333740724576,0.10172892136676258
847,50.01438259857413,0.2072185637388883
848,50.07343145642369,0.2501261054898174
849,50.132480314273245,0.26868988923428105
850,50.1915291721228,0.29132920413148
851,50.25057802997236,0.2902221299469191
852,50.30962688782191,0.29363911562179534
853,50.36867574567147,0.2919193781675249
854,50.42772460352103,0.2899254416744341
855,50.48677346137058,0.289894879812184
856,50.545822319220136,0.2927101806100636
857,50.6048711770697,0.23025752908783895
858,50.66392003491925,0.07343895565138789
859,50.722968892768804,0.1889812005378347
860,50.782017750618365,0.23156156849902415
861,50.84106660846792,0.24646750357331526
862,50.90011546631747,0.24630859701419053
863,50.959164324167034,0.24558827147629497
864,51.01821318201659,0.23514321942796146
865,51.07726203986614,0.24572875074009537
866,51.1363108977157,0.261014183616597
867,51.195359755565256,0.26936619008011364
868,51.25440861341481,0.24988856143185845
869,51.31345747126437,0.24549878065564051
870,51.372506329113925,0.24811486889502982
871,51.43155518696348,0.2517118494942752
872,51.49060404481304,0.2727767100465309
873,51.549652902662594,0.28110697581950994
874,51.60870176051215,0.2981277514785736
875,51.66775061836171,0.2939616520312405
876,51.72679947621126,0.2915975638214471
877,51.78584833406082,0.24544712058058055
878,51.84489719191038,0.07441165990157514
879,51.90394604975993,0.08018091983566224
880,51.96299490760949,0.22247757470199658
881,52.022043765459046,0.2470603812466402
882,52.0810926233086,0.265408096316477
883,52.14014148115816,0.26699643273822454
884,52.199190339007714,0.2765729001612354
885,52.25823919685727,0.29608857745845735
886,52.31728805470683,0.27811421589087676
887,52.37633691255638,0.15308389883878484
888,52.43538577040594,0.06977177722500122
889,52.4944346282555,0.13174427443107545
890,52.55348348610505,0.23470944584652856
891,52.612532343954605,0.2775403834080806
892,52.671581201804166,0.2622733845719676
893,52.73063005965372,0.2800925435240156
894,52.789678917503274,0.2656717166049658
895,52.848727775352835,0.29836434452520444
896,52.90777663320239,0.3052536630612186
897,52.96682549105194,0.29302999483812997
898,53.0258743489015,0.2950809069193222
899,53.08492320675106,0.3011719169825402
900,53.14397206460061,0.3000025406345852
901,53.20302092245017,0.29850711100422433
902,53.262069780299726,0.3038273418463465
903,53.32111863814928,0.3112897082208168
904,53.38016749599884,0.3072169448208709
905,53.439216353848394,0.30504095736007797
906,53.49826521169795,0.29835316778983806
907,53.55731406954751,0.30169054653114813
908,53.61636292739706,0.29147191462191513
909,53.67541178524662,0.2535744342746552
910,53.73446064309618,0.15636452825597424
911,53.79350950094573,0.20038202728547921
912,53.852558358795285,0.2634327206784562
913,53.911607216644846,0.30812081719377865
914,53.9706560744944,0.4345502757090438
915,54.029704932343954,0.5097205805250049
916,54.088753790193515,0.6543053617978543
917,54.14780264804307,0.6763381137921556
918,54.20685150589262,0.7777004692717397
919,54.26590036374218,0.8397414462121464
920,54.32494922159174,0.6513311415118453
921,54.38399807944129,0.7015490703206401
922,54.44304693729085,0.7194836258401776
923,54.502095795140406,0.8317299182868767
924,54.56114465298996,0.6483189856805042
925,54.62019351083952,0.33998650150393317
926,54.679242368689074,0.15493161202102682
927,54.73829122653863,0.17497163415289552
928,54.79734008438819,0.2210476631507442
929,54.85638894223774,0.2373688008373993
930,54.9154378000873,0.2716117592125089
931,54.97448665793686,0.273455766152266
932,55.03353551578641,0.27881733987586255
933,55.092584373635965,0.2739826044370506
934,55.151633231485526,0.28069894069300183
935,55.21068208933508,0.29215779665776487
936,55.26973094718464,0.2955420165000491
937,55.328779805034195,0.28439408523130494
938,55.38782866288375,0.064467748707383
939,55.44687752073331,0.07411979427288004
940,55.50592637858286,0.21174052657390496
941,55.56497523643242,0.25131585193003464
942,55.62402409428198,0.2827514154933942
943,55.68307295213153,0.280963388483841
944,55.742121809981086,0.2764576737171023
945,55.80117066783065,0.2657509699826387
946,55.8602195256802,0.2722573700654849
947,55.919268383529754,0.2735877614168332
948,55.978317241379315,0.28258400833420605
949,56.03736609922887,0.286736684347875
950,56.09641495707842,0.29751549790417253
951,56.155463814927984,0.28770514686931026
952,56.21451267277754,0.2869057651456852
953,56.27356153062709,0.295995984571677
954,56.33261038847665,0.2929144929191743
955,56.391659246326206,0.2860751896155796
956,56.45070810417576,0.23366598148265297
957,56.50975696202532,0.25990885373282874
958,56.568805819874875,0.336730731387761
959,56.62785467772443,0.37188015976375444
960,56.68690353557399,0.38303118560182103
961,56.74595239342354,0.4080653595662789
962,56.8050012512731,0.3973603530575351
963,56.86405010912266,0.4145644739790523
964,56.92309896697221,0.3846520477483494
965,56.982147824821766,0.17756507382297454
966,57.04119668267133,0.1716869120635709
967,57.10024554052088,0.24514259167448005
968,57.159294398370434,0.26231638339941965
969,57.218343256219995,0.27943914361326905
970,57.27739211406955,0.2821472876434382
971,57.3364409719191,0.2808759664872431
972,57.395489829768664,0.2762575512005133
973,57.45453868761822,0.2975751954039376
974,57.51358754546777,0.2947035778450672
975,57.57263640331733,0.27535414243401435
976,57.631685261166886,0.2087709369412555
977,57.69073411901644,0.06433770883711046
978,57.749782976866,0.19605329270061883
979,57.808831834715555,0.24868684442494043
980,57.86788069256511,0.2665777759404948
981,57.92692955041467,0.2743374393934427
982,57.985978408264224,0.2747630713199001
983,58.04502726611378,0.2901757537389883
984,58.10407612396334,0.2982598245042576
985,58.16312498181289,0.3034825789773756
986,58.222173839662446,0.30603978482630606
987,58.28122269751201,0.30135813761571906
988,58.34027155536156,0.29134694792152044
989,58.399320413211115,0.30033639131829787
990,58.458369271060675,0.3045622339491101
991,58.51741812891023,0.2959667298048014
992,58.57646698675979,0.29668003490559147
993,58.635515844609344,0.29702609411179726
994,58.6945647024589,0.29004185565616897
995,58.75361356030846,0.3033384763223761
996,58.81266241815801,0.2919061657585221
997,58.87171127600757,0.299141631663321
998,58.93076013385713,0.2972607172845443
999,58.98980899170668,0.30142735162698375
1000,59.048857849556235,0.2076035618751353
1001,59.107906707405796,0.16827655677887207
1002,59.16695556525535,0.2235601057447694
1003,59.226004423104904,0.26833262588061013
1004,59.285053280954465,0.28487774117411135
1005,59.34410213880402,0.2879483622886611
1006,59.40315099665357,0.29875573581483517
1007,59.46219985450313,0.28674602302125507
1008,59.52124871235269,0.2833360754180123
1009,59.58029757020224,0.29011607595070193
1010,59.6393464280518,0.3016822132912234
1011,59.698395285901356,0.3043918241006567
1012,59.75744414375091,0.2984992177452814
1013,59.81649300160047,0.3039310802082721
1014,59.875541859450024,0.3013331236343372
1015,59.93459071729958,0.30064135142244214
1016,59.99363957514914,0.296472734452157
1017,60.05268843299869,0.30059719414644825
1018,60.11173729084825,0.3068184679043161
1019,60.17078614869781,0.2903186068732623
1020,60.22983500654736,0.265446034179086
1021,60.288883864396915,0.27149968817812986
1022,60.347932722246476,0.26337068276291736
1023,60.40698158009603,0.2632579769109685
1024,60.466030437945584,0.2712426341385833
1025,60.525079295795145,0.2683933232854854
1026,60.5841281536447,0.2839990162841481
1027,60.64317701149425,0.28229805653480655
1028,60.70222586934381,0.2777363317030467
1029,60.76127472719337,0.2815228389550208
1030,60.82032358504292,0.2843370306460127
1031,60.87937244289248,0.28492406258628933
1032,60.938421300742036,0.28176623936035783
1033,60.99747015859159,0.28248484108097627
1034,61.05651901644115,0.2901232518111078
1035,61.115567874290704,0.27872000988853235
1036,61.17461673214026,0.2867904692356882
1037,61.23366558998982,0.2782020137179923
1038,61.29271444783937,0.2831261766849075
1039,61.35176330568893,0.2766888467324843
1040,61.41081216353849,0.28144566915018554
1041,61.46986102138804,0.27384463571692536
1042,61.528909879237595,0.2780057154472319
1043,61.587958737087156,0.2754384069609338
1044,61.64700759493671,0.2657406648945361
1045,61.706056452786264,0.2671609479226283
1046,61.765105310635825,0.2680576229289317
1047,61.82415416848538,0.26785809638733815
1048,61.88320302633494,0.2659438319183648
1049,61.94225188418449,0.2055187505086169
1050,62.00130074203405,0.17432007698113622
1051,62.06034959988361,0.22821669013936544
1052,62.11939845773316,0.247238870713
1053,62.178447315582716,0.2512413213440926
1054,62.23749617343228,0.2540293190518831
1055,62.29654503128183,0.25670340030091365
1056,62.355593889131384,0.257615147832977
1057,62.414642746980945,0.25299669754050713
1058,62.4736916048305,0.2554461789611287
1059,62.53274046268005,0.2583901636035855
1060,62.591789320529614,0.24943646151954846
1061,62.65083817837917,0.23268557064571005
1062,62.70988703622872,0.23348384325538205
1063,62.76893589407828,0.2025496671858089
1064,62.827984751927836,0.05930294164342172
1065,62.88703360977739,0.06460665595791873
1066,62.94608246762695,0.06267882363247214
1067,63.005131325476505,0.0615158931747201
1068,63.06418018332606,0.06319418989288383
1069,63.12322904117562,0.062467497091904384
1070,63.18227789902517,0.07062449997194781
1071,63.24132675687473,0.0668088636664981
1072,63.30037561472429,0.06060028783315824
1073,63.35942447257384,0.072628832930554
1074,63.418473330423396,0.058470876187548426
1075,63.47752218827296,0.06218837270165618
1076,63.53657104612251,0.0702237732490803
1077,63.595619903972064,0.06707092858906656
1078,63.654668761821625,0.07587949254314084
1079,63.71371761967118,0.06717035867808394
1080,63.77276647752073,0.06816971985714643
1081,63.831815335370294,0.06595758703483932
1082,63.89086419321985,0.062314088779147986
1083,63.9499130510694,0.06507918716129754
1084,64.00896190891896,0.060776636084007726
1085,64.06801076676852,0.06292077499639936
1086,64.12705962461807,0.06135956519643557
1087,64.18610848246763,0.06190679555172711
1088,64.24515734031719,0.062480096866499774
1089,64.30420619816674,0.06397762067786891
1090,64.3632550560163,0.06212721597931537
1091,64.42230391386586,0.06517113330438906
1092,64.48135277171541,0.06982357390415553
1093,64.54040162956497,0.06618373301860651
1094,64.59945048741453,0.06297420162546984
1095,64.65849934526408,0.06630470094511674
1096,64.71754820311364,0.06165827161477298
1097,64.7765970609632,0.061041503518016876
1098,64.83564591881274,0.1526431339573113
1099,64.8946947766623,0.23060814355555154
1100,64.95374363451187,0.26779859534626205
1101,65.01279249236141,0.26175008004720346
1102,65.07184135021097,0.2784214872733686
1103,65.13089020806053,0.2892478412103079
1104,65.18993906591008,0.2693388487804233
1105,65.24898792375964,0.09938153691193477
1106,65.3080367816092,0.14196661135540745
1107,65.36708563945875,0.23263408572325892
1108,65.42613449730831,0.2777584447127125
1109,65.48518335515787,0.2772310406474551
1110,65.54423221300742,0.2781991475041268
1111,65.60328107085698,0.27972407437965546
1112,65.66232992870654,0.286530792097714
1113,65.72137878655609,0.28936484953516817
1114,65.78042764440565,0.27113240987685383
1115,65.83947650225521,0.14111102826820568
1116,65.89852536010476,0.08499928814733185
1117,65.95757421795432,0.1858657095456716
1118,66.01662307580388,0.24679652727054235
1119,66.07567193365342,0.27294998013389854
1120,66.13472079150299,0.2744032662895516
1121,66.19376964935255,0.24524129571224756
1122,66.2528185072021,0.0743450836932484
1123,66.31186736505165,0.09081435935604333
1124,66.37091622290122,0.19619929433325908
1125,66.42996508075076,0.2457203406976363
1126,66.48901393860032,0.27463300738996865
1127,66.54806279644988,0.2778045809311742
1128,66.60711165429943,0.28233902324852567
1129,66.66616051214899,0.28235856521849884
1130,66.72520936999855,0.2867551633350156
1131,66.7842582278481,0.28776190776828603
1132,66.84330708569766,0.27621591918216837
1133,66.90235594354722,0.12948013795174487
1134,66.96140480139677,0.10177687540961627
1135,67.02045365924633,0.18558027025240295
1136,67.07950251709589,0.23875255009218105
1137,67.13855137494544,0.2712315249929454
1138,67.197600232795,0.28051403089399063
1139,67.25664909064456,0.28875171424261725
1140,67.3156979484941,0.28616682011509864
1141,67.37474680634367,0.2908620232310214
1142,67.43379566419323,0.28826604459968086
1143,67.49284452204277,0.2398893125311432
1144,67.55189337989233,0.06873335526022888
1145,67.6109422377419,0.06197470168168276
1146,67.66999109559144,0.07129189334571678
1147,67.729039953441,0.07143017664198718
1148,67.78808881129056,0.06613836143225621
1149,67.84713766914011,0.08387399449591781
1150,67.90618652698967,0.07922134496639612
1151,67.96523538483923,0.0769439259367111
1152,68.02428424268878,0.06790494749983679
1153,68.08333310053834,0.06342489139398873
1154,68.1423819583879,0.06520467169337081
1155,68.20143081623745,0.07185271689008296
1156,68.26047967408701,0.2007364881066515
1157,68.31952853193657,0.251660926919459
1158,68.37857738978612,0.28131383709741953
1159,68.43762624763568,0.2675704090438999
1160,68.49667510548524,0.2707692894398319
1161,68.55572396333478,0.2301689666777974
1162,68.61477282118435,0.07377948000011858
1163,68.6738216790339,0.09824338771957233
1164,68.73287053688345,0.22077316930376925
1165,68.79191939473301,0.25104053106617674
1166,68.85096825258258,0.2813938126386625
1167,68.91001711043212,0.1392184931524157
1168,68.96906596828168,0.07927161519122929
1169,69.02811482613124,0.18981022779738982
1170,69.08716368398079,0.24656621922181512
1171,69.14621254183035,0.27275031328522903
1172,69.20526139967991,0.2813049004198611
1173,69.26431025752946,0.27490181790897583
1174,69.32335911537902,0.12462331103691124
1175,69.38240797322858,0.08442350181850883
1176,69.44145683107813,0.1574338076815066
1177,69.50050568892769,0.23684064986073328
1178,69.55955454677725,0.26366416773956086
1179,69.6186034046268,0.2902656856090575
1180,69.67765226247636,0.2883284539896257
1181,69.73670112032592,0.29445987672043794
1182,69.79574997817546,0.29879667998027554
1183,69.85479883602503,0.29874926580731237
1184,69.91384769387459,0.28902021805085987
1185,69.97289655172413,0.27082343486033356
1186,70.0319454095737,0.1479856245410989
1187,70.09099426742326,0.09013757208437241
1188,70.1500431252728,0.1879130203358484
1189,70.20909198312236,0.22483162076070706
1190,70.26814084097192,0.24565369630182038
1191,70.32718969882148,0.2390844876138949
1192,70.38623855667103,0.09604451821249484
1193,70.44528741452059,0.0596881645995265
1194,70.50433627237015,0.05905610184258278
1195,70.5633851302197,0.06732070673476256
1196,70.62243398806926,0.060684172440057055
1197,70.68148284591882,0.06006872950638347
1198,70.74053170376837,0.06404765287725434
1199,70.79958056161793,0.07263122569606605
1200,70.85862941946749,0.0660623217740568
1201,70.91767827731704,0.06134915797252731
1202,70.9767271351666,0.0680214380089384
1203,71.03577599301616,0.06760262359179946
1204,71.0948248508657,0.0685252186623111
1205,71.15387370871527,0.06501066598392034
1206,71.21292256656483,0.06598804260447304
1207,71.27197142441437,0.0663868507202896
1208,71.33102028226394,0.0697560369172043
1209,71.3900691401135,0.07478425895264557
1210,71.44911799796304,0.08151862672832796
1211,71.5081668558126,0.07764040525630256
1212,71.56721571366216,0.05983387557626116
1213,71.62626457151171,0.07119599799352397
1214,71.68531342936127,0.06759508998032598
1215,71.74436228721083,0.06067838945300961
1216,71.80341114506038,0.06503889520260706
1217,71.86246000290994,0.06613434118268785
1218,71.9215088607595,0.05989307348435445
1219,71.98055771860905,0.06797943378960969
1220,72.03960657645861,0.06294279445789637
1221,72.09865543430817,0.058679729569862185
1222,72.15770429215772,0.06303600644807053
1223,72.21675315000728,0.12069617889146211
1224,72.27580200785684,0.21248352678818153
1225,72.33485086570639,0.23798728528781865
1226,72.39389972355595,0.25263406913247105
1227,72.45294858140551,0.25067277362239193
1228,72.51199743925505,0.25490902222498224
1229,72.57104629710462,0.2743147049248563
1230,72.63009515495418,0.2831432463811292
1231,72.68914401280372,0.26111879854498077
1232,72.74819287065328,0.11683304804086045
1233,72.80724172850285,0.09235775158099477
1234,72.86629058635239,0.21986844424115007
1235,72.92533944420195,0.2404764203931833
1236,72.98438830205151,0.2641791703894657
1237,73.04343715990106,0.26439125809963077
1238,73.10248601775062,0.26626987743513353
1239,73.16153487560018,0.2825574502247101
1240,73.22058373344973,0.26691825724183016
1241,73.27963259129929,0.15910438481669148
1242,73.33868144914885,0.14637467260329104
1243,73.3977303069984,0.21344914772606977
1244,73.45677916484796,0.23799730200386382
1245,73.51582802269752,0.25385556752856364
1246,73.57487688054707,0.2710471803590617
1247,73.63392573839663,0.2698201994265644
1248,73.69297459624619,0.27631186451912404
1249,73.75202345409573,0.2881860146405657
1250,73.8110723119453,0.281764662012275
1251,73.87012116979486,0.21044891916510078
1252,73.9291700276444,0.07370918657375394
1253,73.98821888549396,0.14298056254672079
1254,74.04726774334353,0.21713378686931445
1255,74.10631660119307,0.23593773773562732
1256,74.16536545904263,0.261065196710621
1257,74.2244143168922,0.27498377640655464
1258,74.28346317474174,0.2676154050076699
1259,74.3425120325913,0.2694461942248624
1260,74.40156089044086,0.284761726348877
1261,74.46060974829041,0.27714300619495064
1262,74.51965860613997,0.2831104035154255
1263,74.57870746398953,0.2674052402799953
1264,74.63775632183908,0.1213448716050266
1265,74.69680517968864,0.09820859851177034
1266,74.7558540375382,0.13303712008693067
1267,74.81490289538775,0.21131090359770655
1268,74.87395175323731,0.25571360333312865
1269,74.93300061108687,0.26432920800752063
1270,74.99204946893641,0.26897490189951345
1271,75.05109832678598,0.26886367647837706
1272,75.11014718463554,0.27444985112850506
1273,75.16919604248508,0.27703908203243555
1274,75.22824490033464,0.2718898585464542
1275,75.2872937581842,0.27833116899243926
1276,75.34634261603375,0.27807039134138634
1277,75.40539147388331,0.27533353232383706
1278,75.46444033173287,0.27644953276802553
1279,75.52348918958242,0.27266602852267763
1280,75.58253804743198,0.2566151832062014
1281,75.64158690528154,0.2652019977538232
1282,75.70063576313109,0.24622884649188848
1283,75.75968462098065,0.20016472928302892
1284,75.81873347883021,0.12088679304315383
1285,75.87778233667976,0.09803274704724022
1286,75.93683119452932,0.08792773530482315
1287,75.99588005237888,0.07542299604609153
1288,76.05492891022843,0.08496441064927905
1289,76.11397776807799,0.08800964613074333
1290,76.17302662592755,0.06651447764288544
1291,76.2320754837771,0.06685347871650231
1292,76.29112434162666,0.07473404671013974
1293,76.35017319947622,0.0870532562025792
1294,76.40922205732576,0.08492227916887697
1295,76.46827091517532,0.07296598227937379
1296,76.52731977302489,0.07433709045434349
1297,76.58636863087443,0.0735524610828037
1298,76.645417488724,0.07445279493022587
1299,76.70446634657355,0.07502246155934056
1300,76.7635152044231,0.06908243840721498
1301,76.82256406227266,0.0673155275344291
1302,76.88161292012222,0.0770945571720269
1303,76.94066177797178,0.070835257062816
1304,76.99971063582133,0.10111446949691126
1305,77.05875949367089,0.20075854553912578
1306,77.11780835152045,0.24150673884942364
1307,77.17685720937,0.2849191512399279
1308,77.23590606721956,0.29751043606995475
1309,77.29495492506912,0.28763930999059123
1310,77.35400378291867,0.2990944573711214
1311,77.41305264076823,0.29004209897103606
1312,77.47210149861779,0.29290633614656014
1313,77.53115035646734,0.2916498641522157
1314,77.5901992143169,0.2951688279829282
1315,77.64924807216646,0.2668072811717642
1316,77.708296930016,0.16639302319472166
1317,77.76734578786557,0.18514714455036552
1318,77.82639464571513,0.22067214227922383
1319,77.88544350356467,0.25071460919024324
1320,77.94449236141423,0.26053141408246305
1321,78.0035412192638,0.27375144880426094
1322,78.06259007711334,0.27191787318036614
1323,78.1216389349629,0.27484533647977283
1324,78.18068779281246,0.27758685671793526
1325,78.23973665066201,0.2815631975922463
1326,78.29878550851157,0.2825709125242758
1327,78.35783436636113,0.27202724863076305
1328,78.41688322421068,0.13525705800708016
1329,78.47593208206024,0.09426263742286217
1330,78.5349809399098,0.17559393233709558
1331,78.59402979775935,0.2224810871763681
1332,78.65307865560891,0.24930063253920304
1333,78.71212751345847,0.2642877966866781
1334,78.77117637130802,0.28262097047525375
1335,78.83022522915758,0.27957240415431894
1336,78.88927408700714,0.2750419074384297
1337,78.94832294485668,0.2811757573631798
1338,79.00737180270625,0.27791506603756033
1339,79.0664206605558,0.27578037878962913
1340,79.12546951840535,0.2885926130853569
1341,79.18451837625491,0.28338382260505945
1342,79.24356723410448,0.27734912090600133
1343,79.30261609195402,0.27966078881259643
1344,79.36166494980358,0.2777375661095597
1345,79.42071380765314,0.2801263284853507
1346,79.47976266550269,0.2798906259953298
1347,79.53881152335225,0.28021768955606535
1348,79.59786038120181,0.2805471414558004
1349,79.65690923905136,0.2340520074586305
1350,79.71595809690092,0.10465862918820268
1351,79.77500695475048,0.20165884375059706
1352,79.83405581260003,0.23010656721691997
1353,79.89310467044959,0.2585084334424924
1354,79.95215352829915,0.26053841955932233
1355,80.0112023861487,0.2687223693831575
1356,80.07025124399826,0.27297383130955566
1357,80.12930010184782,0.2686352383613223
1358,80.18834895969736,0.27041708771114337
1359,80.24739781754693,0.2736652015212879
1360,80.30644667539649,0.2727066349442772
1361,80.36549553324603,0.2787548312027228
1362,80.4245443910956,0.26456227292036716
1363,80.48359324894516,0.23546913449126472
1364,80.5426421067947,0.1057881227668588
1365,80.60169096464426,0.124090486158309
1366,80.66073982249382,0.19998977873223917
1367,80.71978868034337,0.23204811373217113
1368,80.77883753819293,0.25063190920912237
1369,80.83788639604249,0.22442372914677
1370,80.89693525389204,0.08772421777243333
1371,80.9559841117416,0.07163612504777023
1372,81.01503296959116,0.07088173044202926
1373,81.07408182744071,0.06783065716767817
1374,81.13313068529027,0.06971040694800072
1375,81.19217954313983,0.08604868758215302
1376,81.25122840098938,0.07884443185704264
1377,81.31027725883894,0.07442023242520317
1378,81.3693261166885,0.06152504155313612
1379,81.42837497453804,0.12299500274119494
1380,81.4874238323876,0.21556033423058585
1381,81.54647269023717,0.23084389742782424
1382,81.60552154808671,0.25124849997894066
1383,81.66457040593627,0.2544442013846655
1384,81.72361926378584,0.2571811158740044
1385,81.78266812163538,0.266261657113083
1386,81.84171697948494,0.26905527818388786
1387,81.9007658373345,0.2754753085599745
1388,81.95981469518405,0.2543374345598187
1389,82.01886355303361,0.1143529062036785
1390,82.07791241088317,0.15763725329314568
1391,82.13696126873272,0.2097945248047421
1392,82.19601012658228,0.2474122632797484
1393,82.25505898443184,0.25752971689512055
1394,82.31410784228139,0.2673300886770532
1395,82.37315670013095,0.2640322723694626
1396,82.43220555798051,0.2618170296968034
1397,82.49125441583006,0.2717430808620034
1398,82.55030327367962,0.26743476305380803
1399,82.60935213152918,0.272233753740998
1400,82.66840098937872,0.2862610764302398
1401,82.72744984722829,0.2840774456383651
1402,82.78649870507785,0.20200131857541231
1403,82.8455475629274,0.08421968665363025
1404,82.90459642077695,0.1843164417254365
1405,82.96364527862652,0.21744138278240344
1406,83.02269413647606,0.2530025980349637
1407,83.08174299432562,0.2632078952076735
1408,83.14079185217518,0.27524411259706627
1409,83.19984071002473,0.2753493439539989
1410,83.25888956787429,0.2716777066575948
1411,83.31793842572385,0.2794069546182858
1412,83.3769872835734,0.17165629076980587
1413,83.43603614142296,0.07397416228440058
1414,83.49508499927252,0.17660054316890292
1415,83.55413385712208,0.2234391284612775
1416,83.61318271497163,0.251839643160529
1417,83.67223157282119,0.2636537841389126
1418,83.73128043067075,0.27446418927350236
1419,83.7903292885203,0.2737871414308864
1420,83.84937814636986,0.2829568749789879
1421,83.90842700421942,0.2859909076058707
1422,83.96747586206897,0.27154042333688
1423,84.02652471991853,0.20898496572856867
1424,84.08557357776809,0.06822717718053972
1425,84.14462243561763,0.13087009120538606
1426,84.2036712934672,0.2026803035587108
1427,84.26272015131676,0.2370066280513317
1428,84.3217690091663,0.2611331159957593
1429,84.38081786701586,0.2575742777946638
1430,84.43986672486542,0.2774973981189232
1431,84.49891558271497,0.27343715888932774
1432,84.55796444056453,0.2829341610687589
1433,84.6170132984141,0.285412499819108
1434,84.67606215626364,0.287368704855259
1435,84.7351110141132,0.2888513447301011
1436,84.79415987196276,0.28180135037543874
1437,84.85320872981231,0.2915315705493622
1438,84.91225758766187,0.2882714939249976
1439,84.97130644551143,0.28299181697813636
1440,85.03035530336098,0.2905642144291203
1441,85.08940416121054,0.2830720572671155
1442,85.1484530190601,0.28397714264206614
1443,85.20750187690965,0.286428849258878
1444,85.2665507347592,0.28387818871056114
1445,85.32559959260877,0.28634338479185417
1446,85.38464845045831,0.2162337285126771
1447,85.44369730830788,0.1264185209755265
1448,85.50274616615744,0.14187327769967262
1449,85.56179502400698,0.17826669832702663
1450,85.62084388185654,0.1820545464862498
1451,85.6798927397061,0.1883948369192998
1452,85.73894159755565,0.1882351928015908
1453,85.79799045540521,0.16506088370551042
1454,85.85703931325477,0.16220962450982335
1455,85.91608817110432,0.12271894476930692
1456,85.97513702895388,0.11950532949121626
1457,86.03418588680344,0.11440240391631211
1458,86.09323474465299,0.1088594356456356
1459,86.15228360250255,0.0964989584013187
1460,86.21133246035211,0.10979902535762573
1461,86.27038131820166,0.1797278913633916
1462,86.32943017605122,0.1987280702814188
1463,86.38847903390078,0.22099763754508947
1464,86.44752789175033,0.24060235531251595
1465,86.50657674959989,0.24015593372023264
1466,86.56562560744945,0.2523722166591646
1467,86.624674465299,0.25877109374586377
1468,86.68372332314856,0.26125978131619754
1469,86.74277218099812,0.2638972393598594
1470,86.80182103884766,0.2708875361680342
1471,86.86086989669722,0.27897785459254054
1472,86.91991875454679,0.2859519443828681
1473,86.97896761239633,0.2861957826535814
1474,87.03801647024589,0.29166697465470226
1475,87.09706532809545,0.2828975504972508
1476,87.156114185945,0.2859966977123283
1477,87.21516304379456,0.2826223892630093
1478,87.27421190164412,0.2851703234832854
1479,87.33326075949367,0.29583500908545196
1480,87.39230961734323,0.2789787538268486
1481,87.45135847519279,0.29271310585209087
1482,87.51040733304234,0.28096122310352806
1483,87.5694561908919,0.2731966900969747
1484,87.62850504874146,0.27505094658084395
1485,87.687553906591,0.28203333838192346
1486,87.74660276444057,0.2771649145708561
1487,87.80565162229013,0.27390367165123786
1488,87.86470048013967,0.2774217782266551
1489,87.92374933798924,0.271809399753442
1490,87.9827981958388,0.2416771260212146
1491,88.04184705368834,0.16794340248276063
1492,88.1008959115379,0.18600395126317187
1493,88.15994476938747,0.21910844030558724
1494,88.21899362723701,0.23439589807176525
1495,88.27804248508657,0.22361191880219647
1496,88.33709134293613,0.10281389798816597
1497,88.39614020078568,0.06347563046747307
1498,88.45518905863524,0.061096703841767346
1499,88.5142379164848,0.05633881318335987
1500,88.57328677433435,0.06524650603694716
1501,88.63233563218391,0.06643676373530827
1502,88.69138449003347,0.06575731114406735
1503,88.75043334788302,0.0625481804936312
1504,88.80948220573258,0.06522718852417912
1505,88.86853106358214,0.0689474782124262
1506,88.92757992143169,0.06354130489654596
1507,88.98662877928125,0.059191109545610236
1508,89.04567763713081,0.0638513358500259
1509,89.10472649498035,0.06475024208102961
1510,89.16377535282992,0.06589119294569329
1511,89.22282421067948,0.0769531917106118
1512,89.28187306852902,0.08332180692600086
1513,89.34092192637858,0.07224444980249733
1514,89.39997078422815,0.07368994618412861
1515,89.45901964207769,0.06872074197499733
1516,89.51806849992725,0.07299415125109662
1517,89.57711735777681,0.08131579391717872
1518,89.63616621562636,0.07791797181165286
1519,89.69521507347592,0.11670849899440666
1520,89.75426393132548,0.18643726528211488
1521,89.81331278917503,0.20549176289528245
1522,89.87236164702459,0.22906177232583755
1523,89.93141050487415,0.2553279843340186
1524,89.9904593627237,0.27122737155608656
1525,90.04950822057326,0.26659710219416666
1526,90.10855707842282,0.2650589877360318
1527,90.16760593627237,0.269490198726152
1528,90.22665479412193,0.28058548658356247
1529,90.28570365197149,0.2798876460065344
1530,90.34475250982105,0.2805680477964275
1531,90.4038013676706,0.2855535755766755
1532,90.46285022552016,0.2887135384186837
1533,90.52189908336972,0.2356051878811989
1534,90.58094794121926,0.14617422833712188
1535,90.63999679906883,0.20041172503587573
1536,90.69904565691839,0.22831407623654448
1537,90.75809451476793,0.24946458778219907
1538,90.8171433726175,0.25652756573294777
1539,90.87619223046705,0.2673798685933755
1540,90.9352410883166,0.2742439579347704
1541,90.99428994616616,0.27139372738547707
1542,91.05333880401572,0.2668655300172859
1543,91.11238766186527,0.2521382066524243
1544,91.17143651971483,0.08483325145457282
1545,91.23048537756439,0.06515425490064758
1546,91.28953423541394,0.06291403843581084
1547,91.3485830932635,0.0642328541619425
1548,91.40763195111306,0.1877404270096807
1549,91.46668080896261,0.22245063405868087
1550,91.52572966681217,0.25035043402463153
1551,91.58477852466173,0.2613238366861404
1552,91.64382738251128,0.23220677989154212
1553,91.70287624036084,0.0936130388325449
1554,91.7619250982104,0.17586213486822655
1555,91.82097395605994,0.22689404878453912
1556,91.8800228139095,0.255470909098233
1557,91.93907167175907,0.26118616104739634
1558,91.99812052960861,0.2634986349553521
1559,92.05716938745817,0.2676492949459318
1560,92.11621824530773,0.26536162618975545
1561,92.17526710315728,0.28200449207161893
1562,92.23431596100684,0.2833648484451744
1563,92.2933648188564,0.2839418998392816
1564,92.35241367670595,0.28399158445506023
1565,92.41146253455551,0.2789014718005144
1566,92.47051139240507,0.27458020827441526
1567,92.52956025025462,0.24626349665773584
1568,92.58860910810418,0.22736547131920826
1569,92.64765796595374,0.2079336658824574
1570,92.70670682380329,0.10112266652788435
1571,92.76575568165285,0.07961607669396849
1572,92.82480453950241,0.07394110749177647
1573,92.88385339735196,0.07237726478429687
1574,92.94290225520152,0.06078998520326749
1575,93.00195111305108,0.0623210041448509
1576,93.06099997090062,0.06184183168126045
1577,93.12004882875019,0.06514407873551561
1578,93.17909768659975,0.06404559868371855
1579,93.2381465444493,0.076322374273471
1580,93.29719540229885,0.06381214642062047
1581,93.35624426014842,0.07317024723891145
1582,93.41529311799796,0.0649686267219611
1583,93.47434197584752,0.07100492855796967
1584,93.53339083369708,0.07682213079384109
1585,93.59243969154663,0.07733381493103496
1586,93.65148854939619,0.0709921062162854
1587,93.71053740724575,0.07460673228481202
1588,93.7695862650953,0.08123259861196683
1589,93.82863512294486,0.07846233941078345
1590,93.88768398079442,0.0851674638999563
1591,93.94673283864397,0.07351741973035525
1592,94.00578169649353,0.08488557796792193
1593,94.06483055434309,0.06920799584802073
1594,94.12387941219264,0.07367626016851463
1595,94.1829282700422,0.08334672010713004
1596,94.24197712789176,0.0996137248591878
1597,94.3010259857413,0.21604238991554214
1598,94.36007484359087,0.2316071557875139
1599,94.41912370144043,0.24225006073030697
1600,94.47817255928997,0.2585823482834947
1601,94.53722141713953,0.26964842258410215
1602,94.5962702749891,0.2574951467392206
1603,94.65531913283864,0.258280208562263
1604,94.7143679906882,0.25931261070858563
1605,94.77341684853776,0.2577127464998099
1606,94.83246570638731,0.2690730569876959
1607,94.89151456423687,0.2826090537456811
1608,94.95056342208643,0.280755531281288
1609,95.00961227993598,0.28028019298241197
1610,95.06866113778554,0.2635206805681184
1611,95.1277099956351,0.2714660353116567
1612,95.18675885348465,0.26429449394167925
1613,95.24580771133421,0.27166205206881366
1614,95.30485656918377,0.26320180311707186
1615,95.36390542703332,0.17872064983993355
1616,95.42295428488288,0.16434113220048424
1617,95.48200314273244,0.22273739274139684
1618,95.54105200058198,0.23861553802684826
1619,95.60010085843155,0.25563760712309014
1620,95.6591497162811,0.26327594956793793
1621,95.71819857413065,0.28027077304325565
1622,95.77724743198021,0.2807722062321909
1623,95.83629628982978,0.2855523693906963
1624,95.89534514767932,0.27440115229610856
1625,95.95439400552888,0.28608489474498855
1626,96.01344286337844,0.28294904500248225
1627,96.07249172122799,0.28494737126976744
1628,96.13154057907755,0.28552489090307354
1629,96.19058943692711,0.2870778703435586
1630,96.24963829477666,0.24000061311828008
1631,96.30868715262622,0.0661215518561254
1632,96.36773601047578,0.07529529762276192
1633,96.42678486832533,0.21712802879584242
1634,96.48583372617489,0.24789785651479898
1635,96.54488258402445,0.2656774723475371
1636,96.603931441874,0.26733634423182573
1637,96.66298029972356,0.24676421758050296
1638,96.72202915757312,0.08007927814280316
1639,96.78107801542266,0.06314184160985059
1640,96.84012687327223,0.0630625488336013
1641,96.89917573112179,0.05564566160833322
1642,96.95822458897135,0.059558758412951406
1643,97.0172734468209,0.06621477538659656
1644,97.07632230467046,0.060348256890682114
1645,97.13537116252002,0.06755578288432929
1646,97.19442002036956,0.07119948522810465
1647,97.25346887821912,0.06551560207858736
1648,97.31251773606868,0.0762830103894955
1649,97.37156659391823,0.07015203932935524
1650,97.43061545176779,0.06920455299564471
1651,97.48966430961735,0.07740453955783616
1652,97.5487131674669,0.0759791371274395
1653,97.60776202531646,0.07562833569943232
1654,97.66681088316602,0.07160077810812601
1655,97.72585974101557,0.07310710197103445
1656,97.78490859886513,0.0745462415226989
1657,97.84395745671469,0.07472005579643395
1658,97.90300631456424,0.08954908960770668
1659,97.9620551724138,0.08295873858557151
1660,98.02110403026336,0.08490808622607927
1661,98.0801528881129,0.08535795631056692
1662,98.13920174596247,0.0777160198241588
1663,98.19825060381203,0.08162687577144034
1664,98.25729946166157,0.08553637397766106
1665,98.31634831951114,0.08229059899698893
1666,98.3753971773607,0.08296574534716226
1667,98.43444603521024,0.0834033497131049
1668,98.4934948930598,0.12105945704840948
1669,98.55254375090936,0.22502829901345944
1670,98.61159260875891,0.25441274387139967
1671,98.67064146660847,0.2715370246253942
1672,98.72969032445803,0.2764140835241271
1673,98.78873918230758,0.259609659717246
1674,98.84778804015714,0.2800765964735395
1675,98.9068368980067,0.2662519550926469
1676,98.96588575585625,0.2697814343988992
1677,99.02493461370581,0.2803912622669823
1678,99.08398347155537,0.2711158813882174
1679,99.14303232940492,0.28275455838355723
1680,99.20208118725448,0.2984017024504283
1681,99.26113004510404,0.25548642756618967
1682,99.32017890295359,0.23960112243346568
1683,99.37922776080315,0.23652624995857108
1684,99.43827661865271,0.2375809196525212
1685,99.49732547650225,0.24488423689330904
1686,99.55637433435182,0.24168408734015384
1687,99.61542319220138,0.2342942709153067
1688,99.67447205005092,0.22955410595856007
1689,99.73352090790048,0.23309036208042067
1690,99.79256976575005,0.23523439864197238
1691,99.85161862359959,0.2337078043624326
1692,99.91066748144915,0.19202535661371517
1693,99.96971633929871,0.08106947261093468
1694,100.02876519714826,0.18909587375139225
1695,100.08781405499782,0.23093408875848934
1696,100.14686291284738,0.2575267498772379
1697,100.20591177069693,0.26974181576901546
1698,100.26496062854649,0.2748030323479713
1699,100.32400948639605,0.27755788126017816
1700,100.3830583442456,0.27647920892331956
1701,100.44210720209516,0.276607929632639
1702,100.50115605994472,0.28307026438332167
1703,100.56020491779427,0.274231489332546
1704,100.61925377564383,0.2781837079149104
1705,100.67830263349339,0.273667989231442
1706,100.73735149134293,0.27752934081783576
1707,100.7964003491925,0.2806003756994347
1708,100.85544920704206,0.28385819575683
1709,100.9144980648916,0.2840134048775329
1710,100.97354692274116,0.2927433716356239
1711,101.03259578059073,0.2828455486462956
1712,101.09164463844027,0.28561278012110736
1713,101.15069349628983,0.288372202818049
1714,101.2097423541394,0.27347353740369523
1715,101.26879121198894,0.19276199801866525
1716,101.3278400698385,0.20859520435993678
1717,101.38688892768806,0.2203299765073212
1718,101.44593778553761,0.22961069750389085
1719,101.50498664338717,0.22270266449250503
1720,101.56403550123673,0.225865448208121
1721,101.62308435908628,0.22521554716650677
1722,101.68213321693584,0.22965356500624132
1723,101.7411820747854,0.23073765355746123
1724,101.80023093263495,0.2282118506073894
1725,101.8592797904845,0.23963224401677044
1726,101.91832864833407,0.2359313411804191
1727,101.97737750618361,0.23389979618920917
1728,102.03642636403318,0.23464316891049208
1729,102.09547522188274,0.23103208335818318
1730,102.15452407973228,0.232715071232185
1731,102.21357293758184,0.23543645890200998
1732,102.2726217954314,0.2335415313400917
1733,102.33167065328095,0.24452938374167482
1734,102.39071951113051,0.24819087307704996
1735,102.44976836898007,0.22699674528776903
1736,102.50881722682962,0.20420293953897747
1737,102.56786608467918,0.09431444776527254
1738,102.62691494252874,0.07348054831940248
1739,102.68596380037829,0.08428800346196019
1740,102.74501265822785,0.07484728679450546
1741,102.80406151607741,0.08525176071777651
1742,102.86311037392696,0.07975266098367526
1743,102.92215923177652,0.08208512373342206
1744,102.98120808962608,0.07994410234462632
1745,103.04025694747563,0.08653644648802311
1746,103.09930580532519,0.0848499690204767
1747,103.15835466317475,0.09360716099883216
1748,103.2174035210243,0.09921642531555086
1749,103.27645237887386,0.09279097632518057
1750,103.33550123672342,0.10162090806410413
1751,103.39455009457296,0.105187997984995
1752,103.45359895242252,0.10813562707142024
1753,103.51264781027209,0.11263201871762044
1754,103.57169666812165,0.1113792420441817
1755,103.6307455259712,0.10897266858789673
1756,103.68979438382075,0.10955253107910659
1757,103.74884324167031,0.11125128851525592
1758,103.80789209951986,0.11380162617995429
1759,103.86694095736942,0.10873860882364299
1760,103.92598981521898,0.10927241640758593
1761,103.98503867306853,0.12418206484999184
1762,104.04408753091809,0.11822130599575006
1763,104.10313638876765,0.1155921890419454
1764,104.1621852466172,0.11917889350432831
1765,104.22123410446676,0.11393588982035457
1766,104.28028296231632,0.11863221624735319
1767,104.33933182016587,0.13128498421861123
1768,104.39838067801543,0.12466517447791874
1769,104.45742953586499,0.13008219278069777
1770,104.51647839371454,0.12680131115929863
1771,104.5755272515641,0.12511911617456922
1772,104.63457610941366,0.12961802000848588
1773,104.6936249672632,0.1278332636819168
1774,104.75267382511277,0.13842288358250418
1775,104.81172268296233,0.16431899362810914
1776,104.87077154081187,0.2813346116371378
1777,104.92982039866143,0.3235948849063536
1778,104.988869256511,0.3181982353159971
1779,105.04791811436054,0.24241979446587653
1780,105.1069669722101,0.14291749642165139
1781,105.16601583005966,0.20404568324025513
1782,105.22506468790921,0.2539161243772851
1783,105.28411354575877,0.26748921242844353
1784,105.34316240360833,0.2629449482069128
1785,105.40221126145788,0.26846448811342066
1786,105.46126011930744,0.2692583201644565
1787,105.520308977157,0.2666077919470158
1788,105.57935783500655,0.18736973074029295
1789,105.63840669285611,0.05483843622366233
1790,105.69745555070567,0.18387204990761677
1791,105.75650440855522,0.2282915441593234
1792,105.81555326640478,0.2529435645116494
1793,105.87460212425434,0.2648144929218513
1794,105.93365098210388,0.2694849585899187
1795,105.99269983995345,0.26332936959565056
1796,106.051748697803,0.2745992235565325
1797,106.11079755565255,0.2827334814994492
1798,106.16984641350211,0.279285858150672
1799,106.22889527135167,0.2776209014681655
1800,106.28794412920122,0.27247433874826266
1801,106.34699298705078,0.2610252676376127
1802,106.40604184490034,0.2760565193706088
1803,106.46509070274989,0.24759668047266953
1804,106.52413956059945,0.09020059673836754
1805,106.58318841844901,0.07328577566370881
1806,106.64223727629856,0.1543669068348063
1807,106.70128613414812,0.21927547132367747
1808,106.76033499199768,0.24754917013834388
1809,106.81938384984723,0.2615296203438657
1810,106.87843270769679,0.27039000377676914
1811,106.93748156554635,0.2778054016767557
1812,106.9965304233959,0.2760299972554294
1813,107.05557928124546,0.2777021545692635
1814,107.11462813909502,0.2714956647266159
1815,107.17367699694456,0.2839105023372298
1816,107.23272585479413,0.2788392446519896
1817,107.29177471264369,0.281200842029017
1818,107.35082357049323,0.26517215579039255
1819,107.4098724283428,0.0883459216030068
1820,107.46892128619236,0.06605956911940514
1821,107.5279701440419,0.18352946664637168
1822,107.58701900189146,0.23405971443179552
1823,107.64606785974102,0.25109274895809586
1824,107.70511671759057,0.2594971183734827
1825,107.76416557544013,0.2718916096028674
1826,107.82321443328969,0.27381560930302556
1827,107.88226329113924,0.27404609887728404
1828,107.9413121489888,0.27302596789752853
1829,108.00036100683836,0.19136299763590137
1830,108.05940986468791,0.06700132737773526
1831,108.11845872253747,0.08609435095904044
1832,108.17750758038703,0.20853928490194856
1833,108.23655643823658,0.24592697601652486
1834,108.29560529608614,0.2631017471435195
1835,108.3546541539357,0.2767087109181221
1836,108.41370301178524,0.27819681414584196
1837,108.4727518696348,0.2107040954880553
1838,108.53180072748437,0.07572221354891562
1839,108.59084958533391,0.1842308033583544
1840,108.64989844318347,0.22793609913205357
1841,108.70894730103304,0.253554670860496
1842,108.76799615888258,0.22289433808578607
1843,108.82704501673214,0.1394388046438665
1844,108.8860938745817,0.07482728219831156
1845,108.94514273243125,0.06095953196241942
1846,109.00419159028081,0.06480420127678573
1847,109.06324044813037,0.063765898941811
1848,109.12228930597992,0.0712745082217845
1849,109.18133816382948,0.06751228829059337
1850,109.24038702167904,0.07445012956761662
1851,109.29943587952859,0.060804925212005444
1852,109.35848473737815,0.06712760624856262
1853,109.41753359522771,0.07645650489173766
1854,109.47658245307726,0.0799303525432623
1855,109.53563131092682,0.086846964856852
1856,109.59468016877638,0.06956987237641421
1857,109.65372902662592,0.08379575788685237
1858,109.71277788447549,0.09097732078085055
1859,109.77182674232505,0.09660712790121312
1860,109.8308756001746,0.09530538375138477
1861,109.88992445802415,0.08899074325468544
1862,109.94897331587372,0.10158213269963495
1863,110.00802217372326,0.09981484406279068
1864,110.06707103157282,0.10136015857900055
1865,110.12611988942238,0.10185755238897007
1866,110.18516874727193,0.10970734375589693
1867,110.24421760512149,0.11229412578530035
1868,110.30326646297105,0.1114067492391268
1869,110.36231532082061,0.12056241700409404
1870,110.42136417867016,0.1155766635165768
1871,110.48041303651972,0.12202061136129522
1872,110.53946189436928,0.11253131016342001
1873,110.59851075221883,0.11515152457589986
1874,110.65755961006839,0.1203499267060806
1875,110.71660846791795,0.13008656661586782
1876,110.7756573257675,0.1290981840240603
1877,110.83470618361706,0.12537712661192546
1878,110.89375504146662,0.1229124549145317
1879,110.95280389931617,0.12670905120289097
1880,111.01185275716573,0.12085893961418234
1881,111.07090161501529,0.12345047767043485
1882,111.12995047286483,0.12033431018763283
1883,111.1889993307144,0.13057709108760734
1884,111.24804818856396,0.13627013595041274
1885,111.3070970464135,0.13104974273603015
1886,111.36614590426306,0.12520245908836095
1887,111.42519476211262,0.12261254621853965
1888,111.48424361996217,0.12174993961720315
1889,111.54329247781173,0.11434265040533695
1890,111.6023413356613,0.1248287905706207
1891,111.66139019351084,0.11765146418545144
1892,111.7204390513604,0.12016254963691986
1893,111.77948790920996,0.11380483475513237
1894,111.83853676705951,0.11583252933606901
1895,111.89758562490907,0.1103745925538131
1896,111.95663448275863,0.12709015381389868
1897,112.01568334060818,0.13386907936859263
1898,112.07473219845774,0.1711585510390759
1899,112.1337810563073,0.23459943788481408
1900,112.19282991415685,0.26985370277708187
1901,112.2518787720064,0.288721925032007
1902,112.31092762985597,0.2640798059471722
1903,112.36997648770551,0.09801380436767727
1904,112.42902534555508,0.10176284751375494
1905,112.48807420340464,0.20388043173024256
1906,112.54712306125418,0.22630707117423976
1907,112.60617191910374,0.23809117536904417
1908,112.6652207769533,0.24470237525559987
1909,112.72426963480285,0.25101286518232313
1910,112.78331849265241,0.2550923165704793
1911,112.84236735050197,0.24926100515971328
1912,112.90141620835152,0.25711625617960543
1913,112.96046506620108,0.25929285188943063
1914,113.01951392405064,0.2594718295681007
1915,113.07856278190019,0.25334131893048156
1916,113.13761163974975,0.23913137634317871
1917,113.19666049759931,0.09879078294970962
1918,113.25570935544886,0.091189427382961
1919,113.31475821329842,0.1932830514139733
1920,113.37380707114798,0.22144042172488
1921,113.43285592899753,0.20937289630397568
1922,113.49190478684709,0.07801321398687988
1923,113.55095364469665,0.16838339619013598
1924,113.6100025025462,0.20425131853931067
1925,113.66905136039576,0.23501443766688535
1926,113.72810021824532,0.2491430473582132
1927,113.78714907609486,0.24847603773065244
1928,113.84619793394442,0.2503349211236754
1929,113.90524679179399,0.25181101386375265
1930,113.96429564964353,0.2637106233754638
1931,114.02334450749309,0.2617197914390438
1932,114.08239336534265,0.2608269645139518
1933,114.1414422231922,0.2336413373002918
1934,114.20049108104176,0.05883015537173442
1935,114.25953993889132,0.05521340580561472
1936,114.31858879674087,0.16727969982051105
1937,114.37763765459043,0.18447500571331
1938,114.43668651243999,0.2038499638540341
1939,114.49573537028954,0.215071898674976
1940,114.5547842281391,0.21253546669302642
1941,114.61383308598866,0.2157630873002167
1942,114.6728819438382,0.225535173909762
1943,114.73193080168777,0.22366705485144053
1944,114.79097965953733,0.2254044144294723
1945,114.85002851738687,0.13488437124179437
1946,114.90907737523644,0.0836618846356644
1947,114.968126233086,0.1356624582126063
1948,115.02717509093554,0.2224448113709453
1949,115.0862239487851,0.2531356082647599
1950,115.14527280663467,0.2716483282758287
1951,115.20432166448421,0.26760679187366443
1952,115.26337052233377,0.2614489144520967
1953,115.32241938018333,0.24978955908032013
1954,115.38146823803288,0.2559696012574065
1955,115.44051709588244,0.2564426767965886
1956,115.499565953732,0.2537880738934859
1957,115.55861481158155,0.20037939034616203
1958,115.61766366943111,0.07985248057892777
1959,115.67671252728067,0.06241836332475169
1960,115.73576138513022,0.07999726816204661
1961,115.79481024297978,0.07184194319545784
1962,115.85385910082934,0.07743259355424252
1963,115.91290795867889,0.0783629257970094
1964,115.97195681652845,0.0835696394699689
1965,116.03100567437801,0.08467469255067653
1966,116.09005453222755,0.06891003885220232
1967,116.14910339007712,0.07324319236014691
1968,116.20815224792668,0.0879042935034319
1969,116.26720110577622,0.08605472578386278
1970,116.32624996362578,0.08574604571753447
1971,116.38529882147535,0.08700822986037943
1972,116.44434767932489,0.08890353719873414
1973,116.50339653717445,0.08952967825708243
1974,116.56244539502401,0.08574849099390261
1975,116.62149425287356,0.09953913614566856
1976,116.68054311072312,0.10174888548691138
1977,116.73959196857268,0.09116083952481333
1978,116.79864082642223,0.10032057591631413
1979,116.85768968427179,0.09766123215854895
1980,116.91673854212135,0.0929011805939972
1981,116.97578739997091,0.1020060178468026
1982,117.03483625782046,0.10795929716700212
1983,117.09388511567002,0.09992951897860497
1984,117.15293397351958,0.10397976579695947
1985,117.21198283136913,0.0963898020218342
1986,117.27103168921869,0.0978300882584744
1987,117.33008054706825,0.10538471844418788
1988,117.3891294049178,0.11448684559589807
1989,117.44817826276736,0.11366361959710485
1990,117.50722712061692,0.11858662105508752
1991,117.56627597846646,0.11280943893419257
1992,117.62532483631603,0.1133367237356788
1993,117.68437369416559,0.1091148215133356
1994,117.74342255201513,0.11521033781771507
1995,117.8024714098647,0.12627569443303702
1996,117.86152026771425,0.13145468178233216
1997,117.9205691255638,0.135437475000928
1998,117.97961798341336,0.12544065147248773
1999,118.03866684126292,0.12404740527675547
2000,118.09771569911247,0.12054123518969231
2001,118.15676455696203,0.15137339688949594
2002,118.21581341481159,0.21680402780666702
2003,118.27486227266114,0.2360784801454786
2004,118.3339111305107,0.24421369332129222
2005,118.39295998836026,0.24994181230606435
2006,118.45200884620981,0.2566996148074156
2007,118.51105770405937,0.260837134715867
2008,118.57010656190893,0.25717905708288114
2009,118.62915541975848,0.2542010657407488
2010,118.68820427760804,0.2515394933654082
2011,118.7472531354576,0.24875108433018425
2012,118.80630199330714,0.24823902742962162
2013,118.8653508511567,0.24859103620562978
2014,118.92439970900627,0.23384209269743117
2015,118.98344856685581,0.24341160904758186
2016,119.04249742470537,0.24051625661052398
2017,119.10154628255493,0.2378847598184145
2018,119.16059514040448,0.2360140789544573
2019,119.21964399825404,0.24429903416036441
2020,119.2786928561036,0.23025022351008934
2021,119.33774171395315,0.22611225260872675
2022,119.39679057180271,0.21777525901381115
2023,119.45583942965227,0.21803730183069478
2024,119.51488828750182,0.22281430026208798
2025,119.57393714535138,0.21514078985473278
2026,119.63298600320094,0.14091750162841443
2027,119.69203486105049,0.06640198362214055
2028,119.75108371890005,0.1643895652759773
2029,119.81013257674961,0.21681219940734958
2030,119.86918143459916,0.2328367401715002
2031,119.92823029244872,0.2381646074178546
2032,119.98727915029828,0.17935069408400667
2033,120.04632800814782,0.04611682414172068
2034,120.10537686599739,0.16387247224137363
2035,120.16442572384695,0.2125963689984178
2036,120.2234745816965,0.2336623066198868
2037,120.28252343954605,0.232826428343075
2038,120.34157229739562,0.23482572843269411
2039,120.40062115524516,0.24272010351846102
2040,120.45967001309472,0.244165278181902
2041,120.51871887094428,0.24706393654619135
2042,120.57776772879383,0.22514951091260094
2043,120.63681658664339,0.06041488542080797
2044,120.69586544449295,0.042324971647125335
2045,120.7549143023425,0.050170900022819306
2046,120.81396316019206,0.03980953992966852
2047,120.87301201804162,0.03294360872759289
2048,120.93206087589117,0.03375821893651293
2049,120.99110973374073,0.029283674380370446
2050,121.05015859159029,0.03250376975806723
2051,121.10920744943984,0.02361746190416368
2052,121.1682563072894,0.03278800074497566
2053,121.22730516513896,0.026314811720437255
2054,121.2863540229885,0.02550073834109555
2055,121.34540288083807,0.026472127654763936
2056,121.40445173868763,0.03214816633287825
2057,121.46350059653717,0.026482437051475773
2058,121.52254945438673,0.026086857989164783
2059,121.5815983122363,0.030957251752874525
2060,121.64064717008584,0.02607373110253425
2061,121.6996960279354,0.030082906199515397
2062,121.75874488578496,0.028863740543001434
2063,121.81779374363451,0.030273367491967747
2064,121.87684260148407,0.03467696962421171
2065,121.93589145933363,0.030205086883307808
2066,121.99494031718318,0.02520380309206359
2067,122.05398917503274,0.027583515540722543
2068,122.1130380328823,0.027475958693894742
2069,122.17208689073185,0.027916179491706557
2070,122.23113574858141,0.022606772235125545
2071,122.29018460643097,0.02620060328947072
2072,122.34923346428052,0.02443656829469564
2073,122.40828232213008,0.023548035405285616
2074,122.46733117997964,0.02599743452208267
2075,122.52638003782918,0.02258072958233758
2076,122.58542889567875,0.027779542193529082
2077,122.6444777535283,0.02454298067191736
2078,122.70352661137785,0.03998766909040356
2079,122.76257546922741,0.03116632225231228
2080,122.82162432707698,0.030906501377989965
2081,122.88067318492652,0.030896468143940675
2082,122.93972204277608,0.02607557102020118
2083,122.99877090062564,0.035811671691029875
2084,123.05781975847519,0.03209331555062571
2085,123.11686861632475,0.031440497432142916
2086,123.17591747417431,0.035781936983492975
2087,123.23496633202386,0.04413324507037224
2088,123.29401518987342,0.04284469427414475
2089,123.35306404772298,0.055080664613020414
2090,123.41211290557253,0.050858981373131606
2091,123.47116176342209,0.05711970980243238
2092,123.53021062127165,0.06913566004464408
2093,123.5892594791212,0.08511362719068555
2094,123.64830833697076,0.09156436844009835
2095,123.70735719482032,0.10457158458018909
2096,123.76640605266988,0.10267349856664418
2097,123.82545491051943,0.11844427729631223
2098,123.88450376836899,0.11531483391545101
2099,123.94355262621855,0.1342246319579638
2100,124.0026014840681,0.1308594219516009
2101,124.06165034191766,0.13217587742203735
2102,124.12069919976722,0.13599665389258192
2103,124.17974805761676,0.1452624812301296
2104,124.23879691546632,0.1389843571069906
2105,124.29784577331588,0.14494520650350368
2106,124.35689463116543,0.1416271730851429
2107,124.41594348901499,0.15499838545625677
2108,124.47499234686455,0.1500866360330736
2109,124.5340412047141,0.1487462685775756
2110,124.59309006256366,0.14917455914026861
2111,124.65213892041322,0.14223180168470775
2112,124.71118777826277,0.13612309454439164
2113,124.77023663611233,0.14744606855971115
2114,124.82928549396189,0.15475185527661398
2115,124.88833435181144,0.15840003993245824
2116,124.947383209661,0.15634102100015568
2117,125.00643206751056,0.15458799476677582
2118,125.0654809253601,0.15263961558158542
2119,125.12452978320967,0.14110171299000973
2120,125.18357864105923,0.14422018461021777
2121,125.24262749890877,0.16006957129916052
2122,125.30167635675834,0.15218761451221383
2123,125.3607252146079,0.14795496623798643
2124,125.41977407245744,0.14242470893382547
2125,125.478822930307,0.13944126079923846
2126,125.53787178815656,0.1452011754941832
2127,125.59692064600611,0.14008865230809062
2128,125.65596950385567,0.14686446950238938
2129,125.71501836170523,0.14820784935386572
2130,125.77406721955478,0.16906862750536614
2131,125.83311607740434,0.19654280101667204
2132,125.8921649352539,0.23337178598729288
2133,125.95121379310345,0.27797521460195523
2134,126.01026265095301,0.27206034248447875
2135,126.06931150880257,0.300219128632131
2136,126.12836036665212,0.3151239989649798
2137,126.18740922450168,0.32439699827074076
2138,126.24645808235124,0.2810654067841161
2139,126.30550694020079,0.09969393191178952
2140,126.36455579805035,0.15046140112985745
2141,126.42360465589991,0.2335225787941949
2142,126.48265351374945,0.25090921787934084
2143,126.54170237159902,0.255875531862064
2144,126.60075122944858,0.2600679032294261
2145,126.65980008729812,0.2502101622640531
2146,126.71884894514768,0.25043471252566274
2147,126.77789780299724,0.249285573676676
2148,126.83694666084679,0.14752777849040036
2149,126.89599551869635,0.05259064494615136
2150,126.95504437654591,0.08381266380882237
2151,127.01409323439546,0.20422228298014028
2152,127.07314209224502,0.23271448557388957
2153,127.13219095009458,0.2530278818822286
2154,127.19123980794413,0.23707925944829983
2155,127.25028866579369,0.10953398443805419
2156,127.30933752364325,0.05308566350801364
2157,127.3683863814928,0.1429227661043333
2158,127.42743523934236,0.19335477393953218
2159,127.48648409719192,0.2118128604474146
2160,127.54553295504147,0.22167279826167852
2161,127.60458181289103,0.23745234910849233
2162,127.66363067074059,0.23486710211218761
2163,127.72267952859013,0.24985996725695264
2164,127.7817283864397,0.2316696305774335
2165,127.84077724428926,0.21251933019168384
2166,127.8998261021388,0.1503206848917569
2167,127.95887495998836,0.10579801737257671
2168,128.01792381783793,0.08238616214945346
2169,128.07697267568747,0.07347449593923942
2170,128.13602153353705,0.05539612121208182
2171,128.1950703913866,0.0437175343784489
2172,128.25411924923614,0.0484077997312468
2173,128.31316810708572,0.06437456899986765
2174,128.37221696493526,0.05492202652693412
2175,128.4312658227848,0.039916032521590615
2176,128.49031468063438,0.05133718475370849
2177,128.54936353848393,0.03976717735418793
2178,128.60841239633348,0.041048722036193364
2179,128.66746125418305,0.05022642235847295
2180,128.7265101120326,0.03410228326877108
2181,128.78555896988215,0.03319330195063232
2182,128.84460782773172,0.04085861490064164
2183,128.90365668558127,0.05623404233314838
2184,128.96270554343081,0.049253202960659076
2185,129.0217544012804,0.05015526475076697
2186,129.08080325912994,0.051824422446374516
2187,129.13985211697948,0.05848272839212307
2188,129.19890097482906,0.06347484581591525
2189,129.2579498326786,0.057575323841133265
2190,129.31699869052815,0.06337094973061094
2191,129.37604754837773,0.06144613148925207
2192,129.43509640622727,0.07008532901750884
2193,129.49414526407682,0.07120918264119439
2194,129.5531941219264,0.0887750336543927
2195,129.61224297977594,0.0898631171747292
2196,129.6712918376255,0.09012883720743907
2197,129.73034069547506,0.09220273283770908
2198,129.7893895533246,0.112139940827095
2199,129.84843841117416,0.12340071800274563
2200,129.90748726902373,0.13363477685189765
2201,129.96653612687328,0.14442246820805343
2202,130.02558498472283,0.15529936130779431
2203,130.0846338425724,0.12019951680059447
2204,130.14368270042195,0.1315333873716236
2205,130.2027315582715,0.148662837292798
2206,130.26178041612107,0.15838694494189454
2207,130.32082927397062,0.14831283125047368
2208,130.37987813182016,0.15396533272856175
2209,130.43892698966974,0.16254867269144346
2210,130.49797584751929,0.15985002389618058
2211,130.55702470536883,0.1517723657231959
2212,130.6160735632184,0.14212798375436927
2213,130.67512242106795,0.1343558587465356
2214,130.7341712789175,0.13885368348077315
2215,130.79322013676708,0.1380674922884188
2216,130.85226899461662,0.14857483731400192
2217,130.91131785246617,0.15692172681513522
2218,130.97036671031574,0.15135538662722878
2219,131.0294155681653,0.1522666038991592
2220,131.08846442601484,0.1458250087237183
2221,131.1475132838644,0.1492436550772692
2222,131.20656214171396,0.1482797375130513
2223,131.2656109995635,0.15944870826174395
2224,131.32465985741308,0.14803238504840177
2225,131.38370871526263,0.1561509716179965
2226,131.44275757311217,0.14424956165274827
2227,131.50180643096175,0.15285950651946822
2228,131.5608552888113,0.1426413923083543
2229,131.61990414666084,0.1519438921357585
2230,131.67895300451042,0.16239721431147108
2231,131.73800186235997,0.1502649714069166
2232,131.7970507202095,0.15391266138569498
2233,131.8560995780591,0.14986610088457508
2234,131.91514843590863,0.15684616154361986
2235,131.97419729375818,0.1643936647423515
2236,132.03324615160776,0.15446883116340274
2237,132.0922950094573,0.14710758645516525
2238,132.15134386730685,0.14893626199070711
2239,132.21039272515642,0.15026880786024932
2240,132.26944158300597,0.14621119401951238
2241,132.32849044085552,0.15893143854923183
2242,132.3875392987051,0.1453821908538284
2243,132.44658815655464,0.1612988785391171
2244,132.5056370144042,0.21328901739442735
2245,132.56468587225376,0.2768203164651661
2246,132.6237347301033,0.29526550610973656
2247,132.68278358795285,0.30822763559456456
2248,132.74183244580243,0.3247782417699231
2249,132.80088130365198,0.32954727140511686
2250,132.85993016150152,0.33761753095507213
2251,132.9189790193511,0.2908464115848082
2252,132.97802787720065,0.29307879740587917
2253,133.0370767350502,0.30309826499595016
2254,133.09612559289977,0.30246513907663164
2255,133.1551744507493,0.28689897778517526
2256,133.21422330859886,0.28946411647083115
2257,133.27327216644844,0.28627167582404944
2258,133.33232102429798,0.29148065611005725
2259,133.39136988214753,0.2963927409665281
2260,133.4504187399971,0.2845298815381949
2261,133.50946759784665,0.287318449360735
2262,133.5685164556962,0.2940331080616245
2263,133.62756531354577,0.27965594481749534
2264,133.68661417139532,0.2646643670374583
2265,133.74566302924487,0.27240373694886766
2266,133.80471188709444,0.27574853690765333
2267,133.863760744944,0.2670727472993524
2268,133.92280960279354,0.2735395176226926
2269,133.9818584606431,0.2738549914587004
2270,134.04090731849266,0.26472406012958416
2271,134.0999561763422,0.2679263329459812
2272,134.15900503419178,0.2738542701214822
2273,134.21805389204133,0.278898150764886
2274,134.27710274989087,0.28245974272274477
2275,134.33615160774045,0.27585722239579136
2276,134.39520046559,0.2700226766921242
2277,134.45424932343954,0.25442617133926004
2278,134.51329818128912,0.24120980197823239
2279,134.57234703913866,0.26302359869307834
2280,134.6313958969882,0.25472426729691694
2281,134.69044475483778,0.2456218198508951
2282,134.74949361268733,0.24913524543228133
2283,134.80854247053688,0.25212995594353194
2284,134.86759132838645,0.2534105238070262
2285,134.926640186236,0.2614265056947468
2286,134.98568904408555,0.264800119855903
2287,135.04473790193512,0.26880983927059043
2288,135.10378675978467,0.2673998789795369
2289,135.16283561763422,0.2785090379746477
2290,135.2218844754838,0.2805799297467676
